i_primitive=triangle,i_key_mode=safe,i_build_mode=b_sfl,i_probe_mode=p_sfl,i_num_build_keys_log=21,i_key_offset=0,i_key_stride_log=0,i_reserve_keys_for_misses=0,i_perform_updates=0,i_num_updates_log=0,i_num_probe_keys_log=27,i_miss_percentage=0,i_out_of_range_percentage=0,i_range_query_hit_count_log=0,i_exponent_bias=-20,i_force_single_anyhit=1,i_perpendicular_rays=1,i_start_ray_at_zero=1,i_compaction=1,i_large_keys=0,i_debug=0,uncompacted_size=118918656,final_size=72176896,update_temp_buffer_size=0,convert_time_ms=0.36060801148414611816,build_time_ms=5.7555837631225585938,compact_time_ms=0.26540800929069519043,update_time_ms=0,update_convert_time_ms=0,sort_time_ms=0,total_probe_time_ms=65.26220703125
i_primitive=triangle,i_key_mode=safe,i_build_mode=b_sfl,i_probe_mode=p_sfl,i_num_build_keys_log=21,i_key_offset=0,i_key_stride_log=0,i_reserve_keys_for_misses=0,i_perform_updates=0,i_num_updates_log=0,i_num_probe_keys_log=27,i_miss_percentage=0,i_out_of_range_percentage=0,i_range_query_hit_count_log=0,i_exponent_bias=-10,i_force_single_anyhit=1,i_perpendicular_rays=1,i_start_ray_at_zero=1,i_compaction=1,i_large_keys=0,i_debug=0,uncompacted_size=118918656,final_size=72192896,update_temp_buffer_size=0,convert_time_ms=0.36246401071548461914,build_time_ms=5.7139201164245605469,compact_time_ms=0.26624000072479248047,update_time_ms=0,update_convert_time_ms=0,sort_time_ms=0,total_probe_time_ms=65.266152954101556816
i_primitive=triangle,i_key_mode=safe,i_build_mode=b_sfl,i_probe_mode=p_sfl,i_num_build_keys_log=21,i_key_offset=0,i_key_stride_log=0,i_reserve_keys_for_misses=0,i_perform_updates=0,i_num_updates_log=0,i_num_probe_keys_log=27,i_miss_percentage=0,i_out_of_range_percentage=0,i_range_query_hit_count_log=0,i_exponent_bias=0,i_force_single_anyhit=1,i_perpendicular_rays=1,i_start_ray_at_zero=1,i_compaction=1,i_large_keys=0,i_debug=0,uncompacted_size=118918656,final_size=72215040,update_temp_buffer_size=0,convert_time_ms=0.35388800501823425293,build_time_ms=5.6913919448852539062,compact_time_ms=0.26313599944114685059,update_time_ms=0,update_convert_time_ms=0,sort_time_ms=0,total_probe_time_ms=65.137123870849606533
i_primitive=triangle,i_key_mode=safe,i_build_mode=b_sfl,i_probe_mode=p_sfl,i_num_build_keys_log=21,i_key_offset=0,i_key_stride_log=0,i_reserve_keys_for_misses=0,i_perform_updates=0,i_num_updates_log=0,i_num_probe_keys_log=27,i_miss_percentage=0,i_out_of_range_percentage=0,i_range_query_hit_count_log=0,i_exponent_bias=10,i_force_single_anyhit=1,i_perpendicular_rays=1,i_start_ray_at_zero=1,i_compaction=1,i_large_keys=0,i_debug=0,uncompacted_size=118918656,final_size=72176384,update_temp_buffer_size=0,convert_time_ms=0.36256000399589538574,build_time_ms=5.7446398735046386719,compact_time_ms=0.26214399933815002441,update_time_ms=0,update_convert_time_ms=0,sort_time_ms=0,total_probe_time_ms=65.175268554687505684
i_primitive=triangle,i_key_mode=safe,i_build_mode=b_sfl,i_probe_mode=p_sfl,i_num_build_keys_log=21,i_key_offset=0,i_key_stride_log=0,i_reserve_keys_for_misses=0,i_perform_updates=0,i_num_updates_log=0,i_num_probe_keys_log=27,i_miss_percentage=0,i_out_of_range_percentage=0,i_range_query_hit_count_log=0,i_exponent_bias=20,i_force_single_anyhit=1,i_perpendicular_rays=1,i_start_ray_at_zero=1,i_compaction=1,i_large_keys=0,i_debug=0,uncompacted_size=118918656,final_size=72201856,update_temp_buffer_size=0,convert_time_ms=0.36051198840141296387,build_time_ms=5.7036800384521484375,compact_time_ms=0.26521599292755126953,update_time_ms=0,update_convert_time_ms=0,sort_time_ms=0,total_probe_time_ms=65.239936065673830967
i_primitive=triangle,i_key_mode=unsafe,i_build_mode=b_sfl,i_probe_mode=p_sfl,i_num_build_keys_log=21,i_key_offset=0,i_key_stride_log=0,i_reserve_keys_for_misses=0,i_perform_updates=0,i_num_updates_log=0,i_num_probe_keys_log=27,i_miss_percentage=0,i_out_of_range_percentage=0,i_range_query_hit_count_log=0,i_exponent_bias=-20,i_force_single_anyhit=1,i_perpendicular_rays=1,i_start_ray_at_zero=1,i_compaction=1,i_large_keys=0,i_debug=0,uncompacted_size=118918656,final_size=83152128,update_temp_buffer_size=0,convert_time_ms=0.36233600974082946777,build_time_ms=7.5171837806701660156,compact_time_ms=0.28979200124740600586,update_time_ms=0,update_convert_time_ms=0,sort_time_ms=0,total_probe_time_ms=68.808754730224606533
i_primitive=triangle,i_key_mode=unsafe,i_build_mode=b_sfl,i_probe_mode=p_sfl,i_num_build_keys_log=21,i_key_offset=0,i_key_stride_log=0,i_reserve_keys_for_misses=0,i_perform_updates=0,i_num_updates_log=0,i_num_probe_keys_log=27,i_miss_percentage=0,i_out_of_range_percentage=0,i_range_query_hit_count_log=0,i_exponent_bias=-10,i_force_single_anyhit=1,i_perpendicular_rays=1,i_start_ray_at_zero=1,i_compaction=1,i_large_keys=0,i_debug=0,uncompacted_size=118918656,final_size=83160704,update_temp_buffer_size=0,convert_time_ms=0.36032000184059143066,build_time_ms=7.5724802017211914062,compact_time_ms=0.28876799345016479492,update_time_ms=0,update_convert_time_ms=0,sort_time_ms=0,total_probe_time_ms=68.695306396484369316
i_primitive=triangle,i_key_mode=unsafe,i_build_mode=b_sfl,i_probe_mode=p_sfl,i_num_build_keys_log=21,i_key_offset=0,i_key_stride_log=0,i_reserve_keys_for_misses=0,i_perform_updates=0,i_num_updates_log=0,i_num_probe_keys_log=27,i_miss_percentage=0,i_out_of_range_percentage=0,i_range_query_hit_count_log=0,i_exponent_bias=0,i_force_single_anyhit=1,i_perpendicular_rays=1,i_start_ray_at_zero=1,i_compaction=1,i_large_keys=0,i_debug=0,uncompacted_size=118918656,final_size=83499776,update_temp_buffer_size=0,convert_time_ms=0.3608640134334564209,build_time_ms=7.5171837806701660156,compact_time_ms=0.28774398565292358398,update_time_ms=0,update_convert_time_ms=0,sort_time_ms=0,total_probe_time_ms=68.597158813476568184
i_primitive=triangle,i_key_mode=unsafe,i_build_mode=b_sfl,i_probe_mode=p_sfl,i_num_build_keys_log=21,i_key_offset=0,i_key_stride_log=0,i_reserve_keys_for_misses=0,i_perform_updates=0,i_num_updates_log=0,i_num_probe_keys_log=27,i_miss_percentage=0,i_out_of_range_percentage=0,i_range_query_hit_count_log=0,i_exponent_bias=10,i_force_single_anyhit=1,i_perpendicular_rays=1,i_start_ray_at_zero=1,i_compaction=1,i_large_keys=0,i_debug=0,uncompacted_size=118918656,final_size=83504896,update_temp_buffer_size=0,convert_time_ms=0.36041599512100219727,build_time_ms=7.5243520736694335938,compact_time_ms=0.30003198981285095215,update_time_ms=0,update_convert_time_ms=0,sort_time_ms=0,total_probe_time_ms=68.653096771240228691
i_primitive=triangle,i_key_mode=unsafe,i_build_mode=b_sfl,i_probe_mode=p_sfl,i_num_build_keys_log=21,i_key_offset=0,i_key_stride_log=0,i_reserve_keys_for_misses=0,i_perform_updates=0,i_num_updates_log=0,i_num_probe_keys_log=27,i_miss_percentage=0,i_out_of_range_percentage=0,i_range_query_hit_count_log=0,i_exponent_bias=20,i_force_single_anyhit=1,i_perpendicular_rays=1,i_start_ray_at_zero=1,i_compaction=1,i_large_keys=0,i_debug=0,uncompacted_size=118918656,final_size=83520896,update_temp_buffer_size=0,convert_time_ms=0.36175999045372009277,build_time_ms=7.5489277839660644531,compact_time_ms=0.28774398565292358398,update_time_ms=0,update_convert_time_ms=0,sort_time_ms=0,total_probe_time_ms=68.750397491455075283
i_primitive=triangle,i_key_mode=ext,i_build_mode=b_sfl,i_probe_mode=p_sfl,i_num_build_keys_log=21,i_key_offset=0,i_key_stride_log=0,i_reserve_keys_for_misses=0,i_perform_updates=0,i_num_updates_log=0,i_num_probe_keys_log=27,i_miss_percentage=0,i_out_of_range_percentage=0,i_range_query_hit_count_log=0,i_exponent_bias=-20,i_force_single_anyhit=1,i_perpendicular_rays=1,i_start_ray_at_zero=1,i_compaction=1,i_large_keys=0,i_debug=0,uncompacted_size=118918656,final_size=83769216,update_temp_buffer_size=0,convert_time_ms=0.35494399070739746094,build_time_ms=5.9564800262451171875,compact_time_ms=0.3041279911994934082,update_time_ms=0,update_convert_time_ms=0,sort_time_ms=0,total_probe_time_ms=67.611302185058590908
i_primitive=triangle,i_key_mode=ext,i_build_mode=b_sfl,i_probe_mode=p_sfl,i_num_build_keys_log=21,i_key_offset=0,i_key_stride_log=0,i_reserve_keys_for_misses=0,i_perform_updates=0,i_num_updates_log=0,i_num_probe_keys_log=27,i_miss_percentage=0,i_out_of_range_percentage=0,i_range_query_hit_count_log=0,i_exponent_bias=-10,i_force_single_anyhit=1,i_perpendicular_rays=1,i_start_ray_at_zero=1,i_compaction=1,i_large_keys=0,i_debug=0,uncompacted_size=118918656,final_size=83774976,update_temp_buffer_size=0,convert_time_ms=0.35225600004196166992,build_time_ms=5.9166722297668457031,compact_time_ms=0.30323201417922973633,update_time_ms=0,update_convert_time_ms=0,sort_time_ms=0,total_probe_time_ms=67.607103729248052559
i_primitive=triangle,i_key_mode=ext,i_build_mode=b_sfl,i_probe_mode=p_sfl,i_num_build_keys_log=21,i_key_offset=0,i_key_stride_log=0,i_reserve_keys_for_misses=0,i_perform_updates=0,i_num_updates_log=0,i_num_probe_keys_log=27,i_miss_percentage=0,i_out_of_range_percentage=0,i_range_query_hit_count_log=0,i_exponent_bias=0,i_force_single_anyhit=1,i_perpendicular_rays=1,i_start_ray_at_zero=1,i_compaction=1,i_large_keys=0,i_debug=0,uncompacted_size=118918656,final_size=83769344,update_temp_buffer_size=0,convert_time_ms=0.35987201333045959473,build_time_ms=5.8827199935913085938,compact_time_ms=0.30515199899673461914,update_time_ms=0,update_convert_time_ms=0,sort_time_ms=0,total_probe_time_ms=67.593122863769536934
i_primitive=triangle,i_key_mode=ext,i_build_mode=b_sfl,i_probe_mode=p_sfl,i_num_build_keys_log=21,i_key_offset=0,i_key_stride_log=0,i_reserve_keys_for_misses=0,i_perform_updates=0,i_num_updates_log=0,i_num_probe_keys_log=27,i_miss_percentage=0,i_out_of_range_percentage=0,i_range_query_hit_count_log=0,i_exponent_bias=10,i_force_single_anyhit=1,i_perpendicular_rays=1,i_start_ray_at_zero=1,i_compaction=1,i_large_keys=0,i_debug=0,uncompacted_size=118918656,final_size=83798400,update_temp_buffer_size=0,convert_time_ms=0.35318401455879211426,build_time_ms=5.9033598899841308594,compact_time_ms=0.30323201417922973633,update_time_ms=0,update_convert_time_ms=0,sort_time_ms=0,total_probe_time_ms=67.738011932373041191
i_primitive=triangle,i_key_mode=ext,i_build_mode=b_sfl,i_probe_mode=p_sfl,i_num_build_keys_log=21,i_key_offset=0,i_key_stride_log=0,i_reserve_keys_for_misses=0,i_perform_updates=0,i_num_updates_log=0,i_num_probe_keys_log=27,i_miss_percentage=0,i_out_of_range_percentage=0,i_range_query_hit_count_log=0,i_exponent_bias=20,i_force_single_anyhit=1,i_perpendicular_rays=1,i_start_ray_at_zero=1,i_compaction=1,i_large_keys=0,i_debug=0,uncompacted_size=118918656,final_size=83769472,update_temp_buffer_size=0,convert_time_ms=0.35180801153182983398,build_time_ms=5.9310078620910644531,compact_time_ms=0.30208000540733337402,update_time_ms=0,update_convert_time_ms=0,sort_time_ms=0,total_probe_time_ms=67.620557403564447441
i_primitive=triangle,i_key_mode=3d,i_build_mode=b_sfl,i_probe_mode=p_sfl,i_num_build_keys_log=21,i_key_offset=0,i_key_stride_log=0,i_reserve_keys_for_misses=0,i_perform_updates=0,i_num_updates_log=0,i_num_probe_keys_log=27,i_miss_percentage=0,i_out_of_range_percentage=0,i_range_query_hit_count_log=0,i_exponent_bias=-20,i_force_single_anyhit=1,i_perpendicular_rays=1,i_start_ray_at_zero=1,i_compaction=1,i_large_keys=0,i_debug=0,uncompacted_size=118918656,final_size=72185216,update_temp_buffer_size=0,convert_time_ms=0.35679998993873596191,build_time_ms=5.7036800384521484375,compact_time_ms=0.26419198513031005859,update_time_ms=0,update_convert_time_ms=0,sort_time_ms=0,total_probe_time_ms=65.192780303955075283
i_primitive=triangle,i_key_mode=3d,i_build_mode=b_sfl,i_probe_mode=p_sfl,i_num_build_keys_log=21,i_key_offset=0,i_key_stride_log=0,i_reserve_keys_for_misses=0,i_perform_updates=0,i_num_updates_log=0,i_num_probe_keys_log=27,i_miss_percentage=0,i_out_of_range_percentage=0,i_range_query_hit_count_log=0,i_exponent_bias=-10,i_force_single_anyhit=1,i_perpendicular_rays=1,i_start_ray_at_zero=1,i_compaction=1,i_large_keys=0,i_debug=0,uncompacted_size=118918656,final_size=72208640,update_temp_buffer_size=0,convert_time_ms=0.35779199004173278809,build_time_ms=5.7149438858032226562,compact_time_ms=0.2662079930305480957,update_time_ms=0,update_convert_time_ms=0,sort_time_ms=0,total_probe_time_ms=65.210718536376958809
i_primitive=triangle,i_key_mode=3d,i_build_mode=b_sfl,i_probe_mode=p_sfl,i_num_build_keys_log=21,i_key_offset=0,i_key_stride_log=0,i_reserve_keys_for_misses=0,i_perform_updates=0,i_num_updates_log=0,i_num_probe_keys_log=27,i_miss_percentage=0,i_out_of_range_percentage=0,i_range_query_hit_count_log=0,i_exponent_bias=0,i_force_single_anyhit=1,i_perpendicular_rays=1,i_start_ray_at_zero=1,i_compaction=1,i_large_keys=0,i_debug=0,uncompacted_size=118918656,final_size=72213888,update_temp_buffer_size=0,convert_time_ms=0.35577601194381713867,build_time_ms=5.7180161476135253906,compact_time_ms=0.26214399933815002441,update_time_ms=0,update_convert_time_ms=0,sort_time_ms=0,total_probe_time_ms=65.177823638916009941
i_primitive=triangle,i_key_mode=3d,i_build_mode=b_sfl,i_probe_mode=p_sfl,i_num_build_keys_log=21,i_key_offset=0,i_key_stride_log=0,i_reserve_keys_for_misses=0,i_perform_updates=0,i_num_updates_log=0,i_num_probe_keys_log=27,i_miss_percentage=0,i_out_of_range_percentage=0,i_range_query_hit_count_log=0,i_exponent_bias=10,i_force_single_anyhit=1,i_perpendicular_rays=1,i_start_ray_at_zero=1,i_compaction=1,i_large_keys=0,i_debug=0,uncompacted_size=118918656,final_size=72177024,update_temp_buffer_size=0,convert_time_ms=0.35609599947929382324,build_time_ms=5.7609920501708984375,compact_time_ms=0.26243200898170471191,update_time_ms=0,update_convert_time_ms=0,sort_time_ms=0,total_probe_time_ms=65.173971557617193184
i_primitive=triangle,i_key_mode=3d,i_build_mode=b_sfl,i_probe_mode=p_sfl,i_num_build_keys_log=21,i_key_offset=0,i_key_stride_log=0,i_reserve_keys_for_misses=0,i_perform_updates=0,i_num_updates_log=0,i_num_probe_keys_log=27,i_miss_percentage=0,i_out_of_range_percentage=0,i_range_query_hit_count_log=0,i_exponent_bias=20,i_force_single_anyhit=1,i_perpendicular_rays=1,i_start_ray_at_zero=1,i_compaction=1,i_large_keys=0,i_debug=0,uncompacted_size=118918656,final_size=72212736,update_temp_buffer_size=0,convert_time_ms=0.35667198896408081055,build_time_ms=5.6809282302856445312,compact_time_ms=0.26492801308631896973,update_time_ms=0,update_convert_time_ms=0,sort_time_ms=0,total_probe_time_ms=65.391809844970708809
i_primitive=triangle,i_key_mode=safe,i_build_mode=b_sfl,i_probe_mode=p_sfl,i_num_build_keys_log=22,i_key_offset=0,i_key_stride_log=0,i_reserve_keys_for_misses=0,i_perform_updates=0,i_num_updates_log=0,i_num_probe_keys_log=27,i_miss_percentage=0,i_out_of_range_percentage=0,i_range_query_hit_count_log=0,i_exponent_bias=-20,i_force_single_anyhit=1,i_perpendicular_rays=1,i_start_ray_at_zero=1,i_compaction=1,i_large_keys=0,i_debug=0,uncompacted_size=237834624,final_size=142474752,update_temp_buffer_size=0,convert_time_ms=0.6971200108528137207,build_time_ms=10.841088294982910156,compact_time_ms=0.50572800636291503906,update_time_ms=0,update_convert_time_ms=0,sort_time_ms=0,total_probe_time_ms=74.350325775146487217
i_primitive=triangle,i_key_mode=safe,i_build_mode=b_sfl,i_probe_mode=p_sfl,i_num_build_keys_log=22,i_key_offset=0,i_key_stride_log=0,i_reserve_keys_for_misses=0,i_perform_updates=0,i_num_updates_log=0,i_num_probe_keys_log=27,i_miss_percentage=0,i_out_of_range_percentage=0,i_range_query_hit_count_log=0,i_exponent_bias=-10,i_force_single_anyhit=1,i_perpendicular_rays=1,i_start_ray_at_zero=1,i_compaction=1,i_large_keys=0,i_debug=0,uncompacted_size=237834624,final_size=142557056,update_temp_buffer_size=0,convert_time_ms=0.69510400295257568359,build_time_ms=10.898431777954101562,compact_time_ms=0.51302397251129150391,update_time_ms=0,update_convert_time_ms=0,sort_time_ms=0,total_probe_time_ms=74.267770385742181816
i_primitive=triangle,i_key_mode=safe,i_build_mode=b_sfl,i_probe_mode=p_sfl,i_num_build_keys_log=22,i_key_offset=0,i_key_stride_log=0,i_reserve_keys_for_misses=0,i_perform_updates=0,i_num_updates_log=0,i_num_probe_keys_log=27,i_miss_percentage=0,i_out_of_range_percentage=0,i_range_query_hit_count_log=0,i_exponent_bias=0,i_force_single_anyhit=1,i_perpendicular_rays=1,i_start_ray_at_zero=1,i_compaction=1,i_large_keys=0,i_debug=0,uncompacted_size=237834624,final_size=142873216,update_temp_buffer_size=0,convert_time_ms=0.68771201372146606445,build_time_ms=10.823679924011230469,compact_time_ms=0.52223998308181762695,update_time_ms=0,update_convert_time_ms=0,sort_time_ms=0,total_probe_time_ms=74.321137237548825283
i_primitive=triangle,i_key_mode=safe,i_build_mode=b_sfl,i_probe_mode=p_sfl,i_num_build_keys_log=22,i_key_offset=0,i_key_stride_log=0,i_reserve_keys_for_misses=0,i_perform_updates=0,i_num_updates_log=0,i_num_probe_keys_log=27,i_miss_percentage=0,i_out_of_range_percentage=0,i_range_query_hit_count_log=0,i_exponent_bias=10,i_force_single_anyhit=1,i_perpendicular_rays=1,i_start_ray_at_zero=1,i_compaction=1,i_large_keys=0,i_debug=0,uncompacted_size=237834624,final_size=142414208,update_temp_buffer_size=0,convert_time_ms=0.69827198982238769531,build_time_ms=10.807999610900878906,compact_time_ms=0.50863999128341674805,update_time_ms=0,update_convert_time_ms=0,sort_time_ms=0,total_probe_time_ms=74.089457702636721592
i_primitive=triangle,i_key_mode=safe,i_build_mode=b_sfl,i_probe_mode=p_sfl,i_num_build_keys_log=22,i_key_offset=0,i_key_stride_log=0,i_reserve_keys_for_misses=0,i_perform_updates=0,i_num_updates_log=0,i_num_probe_keys_log=27,i_miss_percentage=0,i_out_of_range_percentage=0,i_range_query_hit_count_log=0,i_exponent_bias=20,i_force_single_anyhit=1,i_perpendicular_rays=1,i_start_ray_at_zero=1,i_compaction=1,i_large_keys=0,i_debug=0,uncompacted_size=237834624,final_size=142455296,update_temp_buffer_size=0,convert_time_ms=0.6963520050048828125,build_time_ms=10.862591743469238281,compact_time_ms=0.51507198810577392578,update_time_ms=0,update_convert_time_ms=0,sort_time_ms=0,total_probe_time_ms=74.087532806396481533
i_primitive=triangle,i_key_mode=unsafe,i_build_mode=b_sfl,i_probe_mode=p_sfl,i_num_build_keys_log=22,i_key_offset=0,i_key_stride_log=0,i_reserve_keys_for_misses=0,i_perform_updates=0,i_num_updates_log=0,i_num_probe_keys_log=27,i_miss_percentage=0,i_out_of_range_percentage=0,i_range_query_hit_count_log=0,i_exponent_bias=-20,i_force_single_anyhit=1,i_perpendicular_rays=1,i_start_ray_at_zero=1,i_compaction=1,i_large_keys=0,i_debug=0,uncompacted_size=237834624,final_size=165618176,update_temp_buffer_size=0,convert_time_ms=0.69465601444244384766,build_time_ms=11.66617584228515625,compact_time_ms=0.59391999244689941406,update_time_ms=0,update_convert_time_ms=0,sort_time_ms=0,total_probe_time_ms=85.843125152587887783
i_primitive=triangle,i_key_mode=unsafe,i_build_mode=b_sfl,i_probe_mode=p_sfl,i_num_build_keys_log=22,i_key_offset=0,i_key_stride_log=0,i_reserve_keys_for_misses=0,i_perform_updates=0,i_num_updates_log=0,i_num_probe_keys_log=27,i_miss_percentage=0,i_out_of_range_percentage=0,i_range_query_hit_count_log=0,i_exponent_bias=-10,i_force_single_anyhit=1,i_perpendicular_rays=1,i_start_ray_at_zero=1,i_compaction=1,i_large_keys=0,i_debug=0,uncompacted_size=237834624,final_size=165853568,update_temp_buffer_size=0,convert_time_ms=0.69705599546432495117,build_time_ms=11.604991912841796875,compact_time_ms=0.6000639796257019043,update_time_ms=0,update_convert_time_ms=0,sort_time_ms=0,total_probe_time_ms=86.009609985351559658
i_primitive=triangle,i_key_mode=unsafe,i_build_mode=b_sfl,i_probe_mode=p_sfl,i_num_build_keys_log=22,i_key_offset=0,i_key_stride_log=0,i_reserve_keys_for_misses=0,i_perform_updates=0,i_num_updates_log=0,i_num_probe_keys_log=27,i_miss_percentage=0,i_out_of_range_percentage=0,i_range_query_hit_count_log=0,i_exponent_bias=0,i_force_single_anyhit=1,i_perpendicular_rays=1,i_start_ray_at_zero=1,i_compaction=1,i_large_keys=0,i_debug=0,uncompacted_size=237834624,final_size=166379008,update_temp_buffer_size=0,convert_time_ms=0.69478398561477661133,build_time_ms=11.610112190246582031,compact_time_ms=0.60108798742294311523,update_time_ms=0,update_convert_time_ms=0,sort_time_ms=0,total_probe_time_ms=86.410490417480474434
i_primitive=triangle,i_key_mode=unsafe,i_build_mode=b_sfl,i_probe_mode=p_sfl,i_num_build_keys_log=22,i_key_offset=0,i_key_stride_log=0,i_reserve_keys_for_misses=0,i_perform_updates=0,i_num_updates_log=0,i_num_probe_keys_log=27,i_miss_percentage=0,i_out_of_range_percentage=0,i_range_query_hit_count_log=0,i_exponent_bias=10,i_force_single_anyhit=1,i_perpendicular_rays=1,i_start_ray_at_zero=1,i_compaction=1,i_large_keys=0,i_debug=0,uncompacted_size=237834624,final_size=166109568,update_temp_buffer_size=0,convert_time_ms=0.69619202613830566406,build_time_ms=11.658240318298339844,compact_time_ms=0.6000639796257019043,update_time_ms=0,update_convert_time_ms=0,sort_time_ms=0,total_probe_time_ms=86.090259552001953125
i_primitive=triangle,i_key_mode=unsafe,i_build_mode=b_sfl,i_probe_mode=p_sfl,i_num_build_keys_log=22,i_key_offset=0,i_key_stride_log=0,i_reserve_keys_for_misses=0,i_perform_updates=0,i_num_updates_log=0,i_num_probe_keys_log=27,i_miss_percentage=0,i_out_of_range_percentage=0,i_range_query_hit_count_log=0,i_exponent_bias=20,i_force_single_anyhit=1,i_perpendicular_rays=1,i_start_ray_at_zero=1,i_compaction=1,i_large_keys=0,i_debug=0,uncompacted_size=237834624,final_size=165740544,update_temp_buffer_size=0,convert_time_ms=0.6952959895133972168,build_time_ms=11.752448081970214844,compact_time_ms=0.58854401111602783203,update_time_ms=0,update_convert_time_ms=0,sort_time_ms=0,total_probe_time_ms=85.921853637695306816
i_primitive=triangle,i_key_mode=ext,i_build_mode=b_sfl,i_probe_mode=p_sfl,i_num_build_keys_log=22,i_key_offset=0,i_key_stride_log=0,i_reserve_keys_for_misses=0,i_perform_updates=0,i_num_updates_log=0,i_num_probe_keys_log=27,i_miss_percentage=0,i_out_of_range_percentage=0,i_range_query_hit_count_log=0,i_exponent_bias=-20,i_force_single_anyhit=1,i_perpendicular_rays=1,i_start_ray_at_zero=1,i_compaction=1,i_large_keys=0,i_debug=0,uncompacted_size=237834624,final_size=166045952,update_temp_buffer_size=0,convert_time_ms=0.68601602315902709961,build_time_ms=11.328512191772460938,compact_time_ms=0.59699201583862304688,update_time_ms=0,update_convert_time_ms=0,sort_time_ms=0,total_probe_time_ms=77.610054779052731533
i_primitive=triangle,i_key_mode=ext,i_build_mode=b_sfl,i_probe_mode=p_sfl,i_num_build_keys_log=22,i_key_offset=0,i_key_stride_log=0,i_reserve_keys_for_misses=0,i_perform_updates=0,i_num_updates_log=0,i_num_probe_keys_log=27,i_miss_percentage=0,i_out_of_range_percentage=0,i_range_query_hit_count_log=0,i_exponent_bias=-10,i_force_single_anyhit=1,i_perpendicular_rays=1,i_start_ray_at_zero=1,i_compaction=1,i_large_keys=0,i_debug=0,uncompacted_size=237834624,final_size=166055552,update_temp_buffer_size=0,convert_time_ms=0.68582397699356079102,build_time_ms=11.354111671447753906,compact_time_ms=0.59596800804138183594,update_time_ms=0,update_convert_time_ms=0,sort_time_ms=0,total_probe_time_ms=77.545478057861330967
i_primitive=triangle,i_key_mode=ext,i_build_mode=b_sfl,i_probe_mode=p_sfl,i_num_build_keys_log=22,i_key_offset=0,i_key_stride_log=0,i_reserve_keys_for_misses=0,i_perform_updates=0,i_num_updates_log=0,i_num_probe_keys_log=27,i_miss_percentage=0,i_out_of_range_percentage=0,i_range_query_hit_count_log=0,i_exponent_bias=0,i_force_single_anyhit=1,i_perpendicular_rays=1,i_start_ray_at_zero=1,i_compaction=1,i_large_keys=0,i_debug=0,uncompacted_size=237834624,final_size=166061824,update_temp_buffer_size=0,convert_time_ms=0.69942402839660644531,build_time_ms=11.328512191772460938,compact_time_ms=0.59391999244689941406,update_time_ms=0,update_convert_time_ms=0,sort_time_ms=0,total_probe_time_ms=77.606774902343744316
i_primitive=triangle,i_key_mode=ext,i_build_mode=b_sfl,i_probe_mode=p_sfl,i_num_build_keys_log=22,i_key_offset=0,i_key_stride_log=0,i_reserve_keys_for_misses=0,i_perform_updates=0,i_num_updates_log=0,i_num_probe_keys_log=27,i_miss_percentage=0,i_out_of_range_percentage=0,i_range_query_hit_count_log=0,i_exponent_bias=10,i_force_single_anyhit=1,i_perpendicular_rays=1,i_start_ray_at_zero=1,i_compaction=1,i_large_keys=0,i_debug=0,uncompacted_size=237834624,final_size=166100352,update_temp_buffer_size=0,convert_time_ms=0.68499201536178588867,build_time_ms=11.442175865173339844,compact_time_ms=0.594944000244140625,update_time_ms=0,update_convert_time_ms=0,sort_time_ms=0,total_probe_time_ms=77.512732696533205967
i_primitive=triangle,i_key_mode=ext,i_build_mode=b_sfl,i_probe_mode=p_sfl,i_num_build_keys_log=22,i_key_offset=0,i_key_stride_log=0,i_reserve_keys_for_misses=0,i_perform_updates=0,i_num_updates_log=0,i_num_probe_keys_log=27,i_miss_percentage=0,i_out_of_range_percentage=0,i_range_query_hit_count_log=0,i_exponent_bias=20,i_force_single_anyhit=1,i_perpendicular_rays=1,i_start_ray_at_zero=1,i_compaction=1,i_large_keys=0,i_debug=0,uncompacted_size=237834624,final_size=166047360,update_temp_buffer_size=0,convert_time_ms=0.68598401546478271484,build_time_ms=11.36742401123046875,compact_time_ms=0.6000639796257019043,update_time_ms=0,update_convert_time_ms=0,sort_time_ms=0,total_probe_time_ms=77.530352020263677559
i_primitive=triangle,i_key_mode=3d,i_build_mode=b_sfl,i_probe_mode=p_sfl,i_num_build_keys_log=22,i_key_offset=0,i_key_stride_log=0,i_reserve_keys_for_misses=0,i_perform_updates=0,i_num_updates_log=0,i_num_probe_keys_log=27,i_miss_percentage=0,i_out_of_range_percentage=0,i_range_query_hit_count_log=0,i_exponent_bias=-20,i_force_single_anyhit=1,i_perpendicular_rays=1,i_start_ray_at_zero=1,i_compaction=1,i_large_keys=0,i_debug=0,uncompacted_size=237834624,final_size=142193920,update_temp_buffer_size=0,convert_time_ms=0.69286400079727172852,build_time_ms=10.884096145629882812,compact_time_ms=0.5245119929313659668,update_time_ms=0,update_convert_time_ms=0,sort_time_ms=0,total_probe_time_ms=74.193660736083984375
i_primitive=triangle,i_key_mode=3d,i_build_mode=b_sfl,i_probe_mode=p_sfl,i_num_build_keys_log=22,i_key_offset=0,i_key_stride_log=0,i_reserve_keys_for_misses=0,i_perform_updates=0,i_num_updates_log=0,i_num_probe_keys_log=27,i_miss_percentage=0,i_out_of_range_percentage=0,i_range_query_hit_count_log=0,i_exponent_bias=-10,i_force_single_anyhit=1,i_perpendicular_rays=1,i_start_ray_at_zero=1,i_compaction=1,i_large_keys=0,i_debug=0,uncompacted_size=237834624,final_size=142618368,update_temp_buffer_size=0,convert_time_ms=0.69235199689865112305,build_time_ms=10.85951995849609375,compact_time_ms=0.51712000370025634766,update_time_ms=0,update_convert_time_ms=0,sort_time_ms=0,total_probe_time_ms=74.152729797363278408
i_primitive=triangle,i_key_mode=3d,i_build_mode=b_sfl,i_probe_mode=p_sfl,i_num_build_keys_log=22,i_key_offset=0,i_key_stride_log=0,i_reserve_keys_for_misses=0,i_perform_updates=0,i_num_updates_log=0,i_num_probe_keys_log=27,i_miss_percentage=0,i_out_of_range_percentage=0,i_range_query_hit_count_log=0,i_exponent_bias=0,i_force_single_anyhit=1,i_perpendicular_rays=1,i_start_ray_at_zero=1,i_compaction=1,i_large_keys=0,i_debug=0,uncompacted_size=237834624,final_size=142951040,update_temp_buffer_size=0,convert_time_ms=0.68579202890396118164,build_time_ms=10.843135833740234375,compact_time_ms=0.51200002431869506836,update_time_ms=0,update_convert_time_ms=0,sort_time_ms=0,total_probe_time_ms=74.412060546874997158
i_primitive=triangle,i_key_mode=3d,i_build_mode=b_sfl,i_probe_mode=p_sfl,i_num_build_keys_log=22,i_key_offset=0,i_key_stride_log=0,i_reserve_keys_for_misses=0,i_perform_updates=0,i_num_updates_log=0,i_num_probe_keys_log=27,i_miss_percentage=0,i_out_of_range_percentage=0,i_range_query_hit_count_log=0,i_exponent_bias=10,i_force_single_anyhit=1,i_perpendicular_rays=1,i_start_ray_at_zero=1,i_compaction=1,i_large_keys=0,i_debug=0,uncompacted_size=237834624,final_size=142162432,update_temp_buffer_size=0,convert_time_ms=0.69174402952194213867,build_time_ms=10.863615989685058594,compact_time_ms=0.51200002431869506836,update_time_ms=0,update_convert_time_ms=0,sort_time_ms=0,total_probe_time_ms=73.96892547607421875
i_primitive=triangle,i_key_mode=3d,i_build_mode=b_sfl,i_probe_mode=p_sfl,i_num_build_keys_log=22,i_key_offset=0,i_key_stride_log=0,i_reserve_keys_for_misses=0,i_perform_updates=0,i_num_updates_log=0,i_num_probe_keys_log=27,i_miss_percentage=0,i_out_of_range_percentage=0,i_range_query_hit_count_log=0,i_exponent_bias=20,i_force_single_anyhit=1,i_perpendicular_rays=1,i_start_ray_at_zero=1,i_compaction=1,i_large_keys=0,i_debug=0,uncompacted_size=237834624,final_size=142948096,update_temp_buffer_size=0,convert_time_ms=0.69193601608276367188,build_time_ms=10.851008415222167969,compact_time_ms=0.52326399087905883789,update_time_ms=0,update_convert_time_ms=0,sort_time_ms=0,total_probe_time_ms=74.316802978515625
i_primitive=triangle,i_key_mode=safe,i_build_mode=b_sfl,i_probe_mode=p_sfl,i_num_build_keys_log=23,i_key_offset=0,i_key_stride_log=0,i_reserve_keys_for_misses=0,i_perform_updates=0,i_num_updates_log=0,i_num_probe_keys_log=27,i_miss_percentage=0,i_out_of_range_percentage=0,i_range_query_hit_count_log=0,i_exponent_bias=-20,i_force_single_anyhit=1,i_perpendicular_rays=1,i_start_ray_at_zero=1,i_compaction=1,i_large_keys=0,i_debug=0,uncompacted_size=475666304,final_size=291199104,update_temp_buffer_size=0,convert_time_ms=1.3747199773788452148,build_time_ms=21.739328384399414062,compact_time_ms=1.0361280441284179688,update_time_ms=0,update_convert_time_ms=0,sort_time_ms=0,total_probe_time_ms=83.241433715820306816
i_primitive=triangle,i_key_mode=safe,i_build_mode=b_sfl,i_probe_mode=p_sfl,i_num_build_keys_log=23,i_key_offset=0,i_key_stride_log=0,i_reserve_keys_for_misses=0,i_perform_updates=0,i_num_updates_log=0,i_num_probe_keys_log=27,i_miss_percentage=0,i_out_of_range_percentage=0,i_range_query_hit_count_log=0,i_exponent_bias=-10,i_force_single_anyhit=1,i_perpendicular_rays=1,i_start_ray_at_zero=1,i_compaction=1,i_large_keys=0,i_debug=0,uncompacted_size=475666304,final_size=291208320,update_temp_buffer_size=0,convert_time_ms=1.3789119720458984375,build_time_ms=21.4937591552734375,compact_time_ms=1.043455958366394043,update_time_ms=0,update_convert_time_ms=0,sort_time_ms=0,total_probe_time_ms=83.270758056640630684
i_primitive=triangle,i_key_mode=safe,i_build_mode=b_sfl,i_probe_mode=p_sfl,i_num_build_keys_log=23,i_key_offset=0,i_key_stride_log=0,i_reserve_keys_for_misses=0,i_perform_updates=0,i_num_updates_log=0,i_num_probe_keys_log=27,i_miss_percentage=0,i_out_of_range_percentage=0,i_range_query_hit_count_log=0,i_exponent_bias=0,i_force_single_anyhit=1,i_perpendicular_rays=1,i_start_ray_at_zero=1,i_compaction=1,i_large_keys=0,i_debug=0,uncompacted_size=475666304,final_size=291169664,update_temp_buffer_size=0,convert_time_ms=1.3541120290756225586,build_time_ms=21.525503158569335938,compact_time_ms=1.0526720285415649414,update_time_ms=0,update_convert_time_ms=0,sort_time_ms=0,total_probe_time_ms=83.195487213134768467
i_primitive=triangle,i_key_mode=safe,i_build_mode=b_sfl,i_probe_mode=p_sfl,i_num_build_keys_log=23,i_key_offset=0,i_key_stride_log=0,i_reserve_keys_for_misses=0,i_perform_updates=0,i_num_updates_log=0,i_num_probe_keys_log=27,i_miss_percentage=0,i_out_of_range_percentage=0,i_range_query_hit_count_log=0,i_exponent_bias=10,i_force_single_anyhit=1,i_perpendicular_rays=1,i_start_ray_at_zero=1,i_compaction=1,i_large_keys=0,i_debug=0,uncompacted_size=475666304,final_size=291179136,update_temp_buffer_size=0,convert_time_ms=1.3791680335998535156,build_time_ms=21.511167526245117188,compact_time_ms=1.0231679677963256836,update_time_ms=0,update_convert_time_ms=0,sort_time_ms=0,total_probe_time_ms=83.123384857177740059
i_primitive=triangle,i_key_mode=safe,i_build_mode=b_sfl,i_probe_mode=p_sfl,i_num_build_keys_log=23,i_key_offset=0,i_key_stride_log=0,i_reserve_keys_for_misses=0,i_perform_updates=0,i_num_updates_log=0,i_num_probe_keys_log=27,i_miss_percentage=0,i_out_of_range_percentage=0,i_range_query_hit_count_log=0,i_exponent_bias=20,i_force_single_anyhit=1,i_perpendicular_rays=1,i_start_ray_at_zero=1,i_compaction=1,i_large_keys=0,i_debug=0,uncompacted_size=475666304,final_size=291180800,update_temp_buffer_size=0,convert_time_ms=1.3776960372924804688,build_time_ms=21.595136642456054688,compact_time_ms=1.0423359870910644531,update_time_ms=0,update_convert_time_ms=0,sort_time_ms=0,total_probe_time_ms=83.136849212646481533
i_primitive=triangle,i_key_mode=unsafe,i_build_mode=b_sfl,i_probe_mode=p_sfl,i_num_build_keys_log=23,i_key_offset=0,i_key_stride_log=0,i_reserve_keys_for_misses=0,i_perform_updates=0,i_num_updates_log=0,i_num_probe_keys_log=27,i_miss_percentage=0,i_out_of_range_percentage=0,i_range_query_hit_count_log=0,i_exponent_bias=-20,i_force_single_anyhit=1,i_perpendicular_rays=1,i_start_ray_at_zero=1,i_compaction=1,i_large_keys=0,i_debug=0,uncompacted_size=475666304,final_size=330990976,update_temp_buffer_size=0,convert_time_ms=1.3761279582977294922,build_time_ms=22.556383132934570312,compact_time_ms=1.1724799871444702148,update_time_ms=0,update_convert_time_ms=0,sort_time_ms=0,total_probe_time_ms=95.831988525390627842
i_primitive=triangle,i_key_mode=unsafe,i_build_mode=b_sfl,i_probe_mode=p_sfl,i_num_build_keys_log=23,i_key_offset=0,i_key_stride_log=0,i_reserve_keys_for_misses=0,i_perform_updates=0,i_num_updates_log=0,i_num_probe_keys_log=27,i_miss_percentage=0,i_out_of_range_percentage=0,i_range_query_hit_count_log=0,i_exponent_bias=-10,i_force_single_anyhit=1,i_perpendicular_rays=1,i_start_ray_at_zero=1,i_compaction=1,i_large_keys=0,i_debug=0,uncompacted_size=475666304,final_size=330557568,update_temp_buffer_size=0,convert_time_ms=1.3751679658889770508,build_time_ms=22.63552093505859375,compact_time_ms=1.1816960573196411133,update_time_ms=0,update_convert_time_ms=0,sort_time_ms=0,total_probe_time_ms=95.635115051269536934
i_primitive=triangle,i_key_mode=unsafe,i_build_mode=b_sfl,i_probe_mode=p_sfl,i_num_build_keys_log=23,i_key_offset=0,i_key_stride_log=0,i_reserve_keys_for_misses=0,i_perform_updates=0,i_num_updates_log=0,i_num_probe_keys_log=27,i_miss_percentage=0,i_out_of_range_percentage=0,i_range_query_hit_count_log=0,i_exponent_bias=0,i_force_single_anyhit=1,i_perpendicular_rays=1,i_start_ray_at_zero=1,i_compaction=1,i_large_keys=0,i_debug=0,uncompacted_size=475666304,final_size=333046400,update_temp_buffer_size=0,convert_time_ms=1.3736640214920043945,build_time_ms=22.564767837524414062,compact_time_ms=1.1786240339279174805,update_time_ms=0,update_convert_time_ms=0,sort_time_ms=0,total_probe_time_ms=95.860636138916021309
i_primitive=triangle,i_key_mode=unsafe,i_build_mode=b_sfl,i_probe_mode=p_sfl,i_num_build_keys_log=23,i_key_offset=0,i_key_stride_log=0,i_reserve_keys_for_misses=0,i_perform_updates=0,i_num_updates_log=0,i_num_probe_keys_log=27,i_miss_percentage=0,i_out_of_range_percentage=0,i_range_query_hit_count_log=0,i_exponent_bias=10,i_force_single_anyhit=1,i_perpendicular_rays=1,i_start_ray_at_zero=1,i_compaction=1,i_large_keys=0,i_debug=0,uncompacted_size=475666304,final_size=333007360,update_temp_buffer_size=0,convert_time_ms=1.3761279582977294922,build_time_ms=22.53311920166015625,compact_time_ms=1.1919360160827636719,update_time_ms=0,update_convert_time_ms=0,sort_time_ms=0,total_probe_time_ms=96.009705352783200283
i_primitive=triangle,i_key_mode=unsafe,i_build_mode=b_sfl,i_probe_mode=p_sfl,i_num_build_keys_log=23,i_key_offset=0,i_key_stride_log=0,i_reserve_keys_for_misses=0,i_perform_updates=0,i_num_updates_log=0,i_num_probe_keys_log=27,i_miss_percentage=0,i_out_of_range_percentage=0,i_range_query_hit_count_log=0,i_exponent_bias=20,i_force_single_anyhit=1,i_perpendicular_rays=1,i_start_ray_at_zero=1,i_compaction=1,i_large_keys=0,i_debug=0,uncompacted_size=475666304,final_size=332829184,update_temp_buffer_size=0,convert_time_ms=1.3729599714279174805,build_time_ms=22.758144378662109375,compact_time_ms=1.1886399984359741211,update_time_ms=0,update_convert_time_ms=0,sort_time_ms=0,total_probe_time_ms=95.641526031494137783
i_primitive=triangle,i_key_mode=ext,i_build_mode=b_sfl,i_probe_mode=p_sfl,i_num_build_keys_log=23,i_key_offset=0,i_key_stride_log=0,i_reserve_keys_for_misses=0,i_perform_updates=0,i_num_updates_log=0,i_num_probe_keys_log=27,i_miss_percentage=0,i_out_of_range_percentage=0,i_range_query_hit_count_log=0,i_exponent_bias=-20,i_force_single_anyhit=1,i_perpendicular_rays=1,i_start_ray_at_zero=1,i_compaction=1,i_large_keys=0,i_debug=0,uncompacted_size=475666304,final_size=353581696,update_temp_buffer_size=0,convert_time_ms=1.3559679985046386719,build_time_ms=22.790143966674804688,compact_time_ms=1.2492799758911132812,update_time_ms=0,update_convert_time_ms=0,sort_time_ms=0,total_probe_time_ms=96.10701751708984375
i_primitive=triangle,i_key_mode=ext,i_build_mode=b_sfl,i_probe_mode=p_sfl,i_num_build_keys_log=23,i_key_offset=0,i_key_stride_log=0,i_reserve_keys_for_misses=0,i_perform_updates=0,i_num_updates_log=0,i_num_probe_keys_log=27,i_miss_percentage=0,i_out_of_range_percentage=0,i_range_query_hit_count_log=0,i_exponent_bias=-10,i_force_single_anyhit=1,i_perpendicular_rays=1,i_start_ray_at_zero=1,i_compaction=1,i_large_keys=0,i_debug=0,uncompacted_size=475666304,final_size=353694336,update_temp_buffer_size=0,convert_time_ms=1.3534719944000244141,build_time_ms=22.724607467651367188,compact_time_ms=1.253376007080078125,update_time_ms=0,update_convert_time_ms=0,sort_time_ms=0,total_probe_time_ms=95.769750213623041191
i_primitive=triangle,i_key_mode=ext,i_build_mode=b_sfl,i_probe_mode=p_sfl,i_num_build_keys_log=23,i_key_offset=0,i_key_stride_log=0,i_reserve_keys_for_misses=0,i_perform_updates=0,i_num_updates_log=0,i_num_probe_keys_log=27,i_miss_percentage=0,i_out_of_range_percentage=0,i_range_query_hit_count_log=0,i_exponent_bias=0,i_force_single_anyhit=1,i_perpendicular_rays=1,i_start_ray_at_zero=1,i_compaction=1,i_large_keys=0,i_debug=0,uncompacted_size=475666304,final_size=353514752,update_temp_buffer_size=0,convert_time_ms=1.3852479457855224609,build_time_ms=22.79824066162109375,compact_time_ms=1.2492799758911132812,update_time_ms=0,update_convert_time_ms=0,sort_time_ms=0,total_probe_time_ms=95.559238433837890625
i_primitive=triangle,i_key_mode=ext,i_build_mode=b_sfl,i_probe_mode=p_sfl,i_num_build_keys_log=23,i_key_offset=0,i_key_stride_log=0,i_reserve_keys_for_misses=0,i_perform_updates=0,i_num_updates_log=0,i_num_probe_keys_log=27,i_miss_percentage=0,i_out_of_range_percentage=0,i_range_query_hit_count_log=0,i_exponent_bias=10,i_force_single_anyhit=1,i_perpendicular_rays=1,i_start_ray_at_zero=1,i_compaction=1,i_large_keys=0,i_debug=0,uncompacted_size=475666304,final_size=353646464,update_temp_buffer_size=0,convert_time_ms=1.352543950080871582,build_time_ms=22.757215499877929688,compact_time_ms=1.2544000148773193359,update_time_ms=0,update_convert_time_ms=0,sort_time_ms=0,total_probe_time_ms=95.771709442138671875
i_primitive=triangle,i_key_mode=ext,i_build_mode=b_sfl,i_probe_mode=p_sfl,i_num_build_keys_log=23,i_key_offset=0,i_key_stride_log=0,i_reserve_keys_for_misses=0,i_perform_updates=0,i_num_updates_log=0,i_num_probe_keys_log=27,i_miss_percentage=0,i_out_of_range_percentage=0,i_range_query_hit_count_log=0,i_exponent_bias=20,i_force_single_anyhit=1,i_perpendicular_rays=1,i_start_ray_at_zero=1,i_compaction=1,i_large_keys=0,i_debug=0,uncompacted_size=475666304,final_size=353557248,update_temp_buffer_size=0,convert_time_ms=1.352543950080871582,build_time_ms=22.759584426879882812,compact_time_ms=1.253376007080078125,update_time_ms=0,update_convert_time_ms=0,sort_time_ms=0,total_probe_time_ms=95.948812866210943184
i_primitive=triangle,i_key_mode=3d,i_build_mode=b_sfl,i_probe_mode=p_sfl,i_num_build_keys_log=23,i_key_offset=0,i_key_stride_log=0,i_reserve_keys_for_misses=0,i_perform_updates=0,i_num_updates_log=0,i_num_probe_keys_log=27,i_miss_percentage=0,i_out_of_range_percentage=0,i_range_query_hit_count_log=0,i_exponent_bias=-20,i_force_single_anyhit=1,i_perpendicular_rays=1,i_start_ray_at_zero=1,i_compaction=1,i_large_keys=0,i_debug=0,uncompacted_size=475666304,final_size=288153600,update_temp_buffer_size=0,convert_time_ms=1.3645440340042114258,build_time_ms=21.556224822998046875,compact_time_ms=1.0168319940567016602,update_time_ms=0,update_convert_time_ms=0,sort_time_ms=0,total_probe_time_ms=83.483321380615237217
i_primitive=triangle,i_key_mode=3d,i_build_mode=b_sfl,i_probe_mode=p_sfl,i_num_build_keys_log=23,i_key_offset=0,i_key_stride_log=0,i_reserve_keys_for_misses=0,i_perform_updates=0,i_num_updates_log=0,i_num_probe_keys_log=27,i_miss_percentage=0,i_out_of_range_percentage=0,i_range_query_hit_count_log=0,i_exponent_bias=-10,i_force_single_anyhit=1,i_perpendicular_rays=1,i_start_ray_at_zero=1,i_compaction=1,i_large_keys=0,i_debug=0,uncompacted_size=475666304,final_size=286001408,update_temp_buffer_size=0,convert_time_ms=1.36742401123046875,build_time_ms=21.510015487670898438,compact_time_ms=1.0208319425582885742,update_time_ms=0,update_convert_time_ms=0,sort_time_ms=0,total_probe_time_ms=83.175157928466802559
i_primitive=triangle,i_key_mode=3d,i_build_mode=b_sfl,i_probe_mode=p_sfl,i_num_build_keys_log=23,i_key_offset=0,i_key_stride_log=0,i_reserve_keys_for_misses=0,i_perform_updates=0,i_num_updates_log=0,i_num_probe_keys_log=27,i_miss_percentage=0,i_out_of_range_percentage=0,i_range_query_hit_count_log=0,i_exponent_bias=0,i_force_single_anyhit=1,i_perpendicular_rays=1,i_start_ray_at_zero=1,i_compaction=1,i_large_keys=0,i_debug=0,uncompacted_size=475666304,final_size=303611264,update_temp_buffer_size=0,convert_time_ms=1.3583040237426757812,build_time_ms=21.917695999145507812,compact_time_ms=1.0905599594116210938,update_time_ms=0,update_convert_time_ms=0,sort_time_ms=0,total_probe_time_ms=80.866587829589846592
i_primitive=triangle,i_key_mode=3d,i_build_mode=b_sfl,i_probe_mode=p_sfl,i_num_build_keys_log=23,i_key_offset=0,i_key_stride_log=0,i_reserve_keys_for_misses=0,i_perform_updates=0,i_num_updates_log=0,i_num_probe_keys_log=27,i_miss_percentage=0,i_out_of_range_percentage=0,i_range_query_hit_count_log=0,i_exponent_bias=10,i_force_single_anyhit=1,i_perpendicular_rays=1,i_start_ray_at_zero=1,i_compaction=1,i_large_keys=0,i_debug=0,uncompacted_size=475666304,final_size=286142080,update_temp_buffer_size=0,convert_time_ms=1.3642879724502563477,build_time_ms=21.494720458984375,compact_time_ms=1.0403840541839599609,update_time_ms=0,update_convert_time_ms=0,sort_time_ms=0,total_probe_time_ms=83.217906951904296875
i_primitive=triangle,i_key_mode=3d,i_build_mode=b_sfl,i_probe_mode=p_sfl,i_num_build_keys_log=23,i_key_offset=0,i_key_stride_log=0,i_reserve_keys_for_misses=0,i_perform_updates=0,i_num_updates_log=0,i_num_probe_keys_log=27,i_miss_percentage=0,i_out_of_range_percentage=0,i_range_query_hit_count_log=0,i_exponent_bias=20,i_force_single_anyhit=1,i_perpendicular_rays=1,i_start_ray_at_zero=1,i_compaction=1,i_large_keys=0,i_debug=0,uncompacted_size=475666304,final_size=287599232,update_temp_buffer_size=0,convert_time_ms=1.3688960075378417969,build_time_ms=21.47020721435546875,compact_time_ms=1.0240000486373901367,update_time_ms=0,update_convert_time_ms=0,sort_time_ms=0,total_probe_time_ms=83.107987213134762783
i_primitive=triangle,i_key_mode=unsafe,i_build_mode=b_sfl,i_probe_mode=p_sfl,i_num_build_keys_log=24,i_key_offset=0,i_key_stride_log=0,i_reserve_keys_for_misses=0,i_perform_updates=0,i_num_updates_log=0,i_num_probe_keys_log=27,i_miss_percentage=0,i_out_of_range_percentage=0,i_range_query_hit_count_log=0,i_exponent_bias=-20,i_force_single_anyhit=1,i_perpendicular_rays=1,i_start_ray_at_zero=1,i_compaction=1,i_large_keys=0,i_debug=0,uncompacted_size=951329792,final_size=674890240,update_temp_buffer_size=0,convert_time_ms=2.729248046875,build_time_ms=45.123584747314453125,compact_time_ms=2.4012799263000488281,update_time_ms=0,update_convert_time_ms=0,sort_time_ms=0,total_probe_time_ms=106.02825851440429972
i_primitive=triangle,i_key_mode=unsafe,i_build_mode=b_sfl,i_probe_mode=p_sfl,i_num_build_keys_log=24,i_key_offset=0,i_key_stride_log=0,i_reserve_keys_for_misses=0,i_perform_updates=0,i_num_updates_log=0,i_num_probe_keys_log=27,i_miss_percentage=0,i_out_of_range_percentage=0,i_range_query_hit_count_log=0,i_exponent_bias=-10,i_force_single_anyhit=1,i_perpendicular_rays=1,i_start_ray_at_zero=1,i_compaction=1,i_large_keys=0,i_debug=0,uncompacted_size=951329792,final_size=675473792,update_temp_buffer_size=0,convert_time_ms=2.7292160987854003906,build_time_ms=44.9628143310546875,compact_time_ms=2.4023039340972900391,update_time_ms=0,update_convert_time_ms=0,sort_time_ms=0,total_probe_time_ms=106.25235900878905682
i_primitive=triangle,i_key_mode=unsafe,i_build_mode=b_sfl,i_probe_mode=p_sfl,i_num_build_keys_log=24,i_key_offset=0,i_key_stride_log=0,i_reserve_keys_for_misses=0,i_perform_updates=0,i_num_updates_log=0,i_num_probe_keys_log=27,i_miss_percentage=0,i_out_of_range_percentage=0,i_range_query_hit_count_log=0,i_exponent_bias=0,i_force_single_anyhit=1,i_perpendicular_rays=1,i_start_ray_at_zero=1,i_compaction=1,i_large_keys=0,i_debug=0,uncompacted_size=951329792,final_size=686283136,update_temp_buffer_size=0,convert_time_ms=2.7258241176605224609,build_time_ms=45.195262908935546875,compact_time_ms=2.4872961044311523438,update_time_ms=0,update_convert_time_ms=0,sort_time_ms=0,total_probe_time_ms=106.76716842651367756
i_primitive=triangle,i_key_mode=unsafe,i_build_mode=b_sfl,i_probe_mode=p_sfl,i_num_build_keys_log=24,i_key_offset=0,i_key_stride_log=0,i_reserve_keys_for_misses=0,i_perform_updates=0,i_num_updates_log=0,i_num_probe_keys_log=27,i_miss_percentage=0,i_out_of_range_percentage=0,i_range_query_hit_count_log=0,i_exponent_bias=10,i_force_single_anyhit=1,i_perpendicular_rays=1,i_start_ray_at_zero=1,i_compaction=1,i_large_keys=0,i_debug=0,uncompacted_size=951329792,final_size=685456640,update_temp_buffer_size=0,convert_time_ms=2.7291839122772216797,build_time_ms=45.279232025146484375,compact_time_ms=2.4678399562835693359,update_time_ms=0,update_convert_time_ms=0,sort_time_ms=0,total_probe_time_ms=106.61900177001953693
i_primitive=triangle,i_key_mode=unsafe,i_build_mode=b_sfl,i_probe_mode=p_sfl,i_num_build_keys_log=24,i_key_offset=0,i_key_stride_log=0,i_reserve_keys_for_misses=0,i_perform_updates=0,i_num_updates_log=0,i_num_probe_keys_log=27,i_miss_percentage=0,i_out_of_range_percentage=0,i_range_query_hit_count_log=0,i_exponent_bias=20,i_force_single_anyhit=1,i_perpendicular_rays=1,i_start_ray_at_zero=1,i_compaction=1,i_large_keys=0,i_debug=0,uncompacted_size=951329792,final_size=683966080,update_temp_buffer_size=0,convert_time_ms=2.729248046875,build_time_ms=45.662143707275390625,compact_time_ms=2.4309439659118652344,update_time_ms=0,update_convert_time_ms=0,sort_time_ms=0,total_probe_time_ms=106.50357589721679119
i_primitive=triangle,i_key_mode=ext,i_build_mode=b_sfl,i_probe_mode=p_sfl,i_num_build_keys_log=24,i_key_offset=0,i_key_stride_log=0,i_reserve_keys_for_misses=0,i_perform_updates=0,i_num_updates_log=0,i_num_probe_keys_log=27,i_miss_percentage=0,i_out_of_range_percentage=0,i_range_query_hit_count_log=0,i_exponent_bias=-20,i_force_single_anyhit=1,i_perpendicular_rays=1,i_start_ray_at_zero=1,i_compaction=1,i_large_keys=0,i_debug=0,uncompacted_size=951329792,final_size=586023040,update_temp_buffer_size=0,convert_time_ms=2.686016082763671875,build_time_ms=40.74262237548828125,compact_time_ms=2.1166079044342041016,update_time_ms=0,update_convert_time_ms=0,sort_time_ms=0,total_probe_time_ms=128.59571990966796307
i_primitive=triangle,i_key_mode=ext,i_build_mode=b_sfl,i_probe_mode=p_sfl,i_num_build_keys_log=24,i_key_offset=0,i_key_stride_log=0,i_reserve_keys_for_misses=0,i_perform_updates=0,i_num_updates_log=0,i_num_probe_keys_log=27,i_miss_percentage=0,i_out_of_range_percentage=0,i_range_query_hit_count_log=0,i_exponent_bias=-10,i_force_single_anyhit=1,i_perpendicular_rays=1,i_start_ray_at_zero=1,i_compaction=1,i_large_keys=0,i_debug=0,uncompacted_size=951329792,final_size=586086784,update_temp_buffer_size=0,convert_time_ms=2.6862080097198486328,build_time_ms=40.849407196044921875,compact_time_ms=2.1155838966369628906,update_time_ms=0,update_convert_time_ms=0,sort_time_ms=0,total_probe_time_ms=128.961212158203125
i_primitive=triangle,i_key_mode=ext,i_build_mode=b_sfl,i_probe_mode=p_sfl,i_num_build_keys_log=24,i_key_offset=0,i_key_stride_log=0,i_reserve_keys_for_misses=0,i_perform_updates=0,i_num_updates_log=0,i_num_probe_keys_log=27,i_miss_percentage=0,i_out_of_range_percentage=0,i_range_query_hit_count_log=0,i_exponent_bias=0,i_force_single_anyhit=1,i_perpendicular_rays=1,i_start_ray_at_zero=1,i_compaction=1,i_large_keys=0,i_debug=0,uncompacted_size=951329792,final_size=586087552,update_temp_buffer_size=0,convert_time_ms=2.75164794921875,build_time_ms=40.767486572265625,compact_time_ms=2.1227519512176513672,update_time_ms=0,update_convert_time_ms=0,sort_time_ms=0,total_probe_time_ms=128.74951934814453125
i_primitive=triangle,i_key_mode=ext,i_build_mode=b_sfl,i_probe_mode=p_sfl,i_num_build_keys_log=24,i_key_offset=0,i_key_stride_log=0,i_reserve_keys_for_misses=0,i_perform_updates=0,i_num_updates_log=0,i_num_probe_keys_log=27,i_miss_percentage=0,i_out_of_range_percentage=0,i_range_query_hit_count_log=0,i_exponent_bias=10,i_force_single_anyhit=1,i_perpendicular_rays=1,i_start_ray_at_zero=1,i_compaction=1,i_large_keys=0,i_debug=0,uncompacted_size=951329792,final_size=586288640,update_temp_buffer_size=0,convert_time_ms=2.6896638870239257812,build_time_ms=40.852481842041015625,compact_time_ms=2.0674560070037841797,update_time_ms=0,update_convert_time_ms=0,sort_time_ms=0,total_probe_time_ms=128.28891143798827557
i_primitive=triangle,i_key_mode=ext,i_build_mode=b_sfl,i_probe_mode=p_sfl,i_num_build_keys_log=24,i_key_offset=0,i_key_stride_log=0,i_reserve_keys_for_misses=0,i_perform_updates=0,i_num_updates_log=0,i_num_probe_keys_log=27,i_miss_percentage=0,i_out_of_range_percentage=0,i_range_query_hit_count_log=0,i_exponent_bias=20,i_force_single_anyhit=1,i_perpendicular_rays=1,i_start_ray_at_zero=1,i_compaction=1,i_large_keys=0,i_debug=0,uncompacted_size=951329792,final_size=586085504,update_temp_buffer_size=0,convert_time_ms=2.6883521080017089844,build_time_ms=40.872737884521484375,compact_time_ms=2.1032960414886474609,update_time_ms=0,update_convert_time_ms=0,sort_time_ms=0,total_probe_time_ms=128.17044219970702557
i_primitive=triangle,i_key_mode=3d,i_build_mode=b_sfl,i_probe_mode=p_sfl,i_num_build_keys_log=24,i_key_offset=0,i_key_stride_log=0,i_reserve_keys_for_misses=0,i_perform_updates=0,i_num_updates_log=0,i_num_probe_keys_log=27,i_miss_percentage=0,i_out_of_range_percentage=0,i_range_query_hit_count_log=0,i_exponent_bias=-20,i_force_single_anyhit=1,i_perpendicular_rays=1,i_start_ray_at_zero=1,i_compaction=1,i_large_keys=0,i_debug=0,uncompacted_size=951329792,final_size=543654912,update_temp_buffer_size=0,convert_time_ms=2.71129608154296875,build_time_ms=41.643009185791015625,compact_time_ms=1.9424959421157836914,update_time_ms=0,update_convert_time_ms=0,sort_time_ms=0,total_probe_time_ms=90.070016479492181816
i_primitive=triangle,i_key_mode=3d,i_build_mode=b_sfl,i_probe_mode=p_sfl,i_num_build_keys_log=24,i_key_offset=0,i_key_stride_log=0,i_reserve_keys_for_misses=0,i_perform_updates=0,i_num_updates_log=0,i_num_probe_keys_log=27,i_miss_percentage=0,i_out_of_range_percentage=0,i_range_query_hit_count_log=0,i_exponent_bias=-10,i_force_single_anyhit=1,i_perpendicular_rays=1,i_start_ray_at_zero=1,i_compaction=1,i_large_keys=0,i_debug=0,uncompacted_size=951329792,final_size=539179136,update_temp_buffer_size=0,convert_time_ms=2.7117440700531005859,build_time_ms=41.437183380126953125,compact_time_ms=1.9087359905242919922,update_time_ms=0,update_convert_time_ms=0,sort_time_ms=0,total_probe_time_ms=90.077945709228515625
i_primitive=triangle,i_key_mode=3d,i_build_mode=b_sfl,i_probe_mode=p_sfl,i_num_build_keys_log=24,i_key_offset=0,i_key_stride_log=0,i_reserve_keys_for_misses=0,i_perform_updates=0,i_num_updates_log=0,i_num_probe_keys_log=27,i_miss_percentage=0,i_out_of_range_percentage=0,i_range_query_hit_count_log=0,i_exponent_bias=0,i_force_single_anyhit=1,i_perpendicular_rays=1,i_start_ray_at_zero=1,i_compaction=1,i_large_keys=0,i_debug=0,uncompacted_size=951329792,final_size=554877696,update_temp_buffer_size=0,convert_time_ms=2.6916480064392089844,build_time_ms=41.840641021728515625,compact_time_ms=1.9752960205078125,update_time_ms=0,update_convert_time_ms=0,sort_time_ms=0,total_probe_time_ms=90.401877593994143467
i_primitive=triangle,i_key_mode=3d,i_build_mode=b_sfl,i_probe_mode=p_sfl,i_num_build_keys_log=24,i_key_offset=0,i_key_stride_log=0,i_reserve_keys_for_misses=0,i_perform_updates=0,i_num_updates_log=0,i_num_probe_keys_log=27,i_miss_percentage=0,i_out_of_range_percentage=0,i_range_query_hit_count_log=0,i_exponent_bias=10,i_force_single_anyhit=1,i_perpendicular_rays=1,i_start_ray_at_zero=1,i_compaction=1,i_large_keys=0,i_debug=0,uncompacted_size=951329792,final_size=539129088,update_temp_buffer_size=0,convert_time_ms=2.7135999202728271484,build_time_ms=41.491359710693359375,compact_time_ms=1.9157760143280029297,update_time_ms=0,update_convert_time_ms=0,sort_time_ms=0,total_probe_time_ms=89.718902587890625
i_primitive=triangle,i_key_mode=3d,i_build_mode=b_sfl,i_probe_mode=p_sfl,i_num_build_keys_log=24,i_key_offset=0,i_key_stride_log=0,i_reserve_keys_for_misses=0,i_perform_updates=0,i_num_updates_log=0,i_num_probe_keys_log=27,i_miss_percentage=0,i_out_of_range_percentage=0,i_range_query_hit_count_log=0,i_exponent_bias=20,i_force_single_anyhit=1,i_perpendicular_rays=1,i_start_ray_at_zero=1,i_compaction=1,i_large_keys=0,i_debug=0,uncompacted_size=951329792,final_size=543810688,update_temp_buffer_size=0,convert_time_ms=2.7130560874938964844,build_time_ms=41.52918243408203125,compact_time_ms=1.9066879749298095703,update_time_ms=0,update_convert_time_ms=0,sort_time_ms=0,total_probe_time_ms=90.215367126464840908
i_primitive=triangle,i_key_mode=ext,i_build_mode=b_sfl,i_probe_mode=p_sfl,i_num_build_keys_log=25,i_key_offset=0,i_key_stride_log=0,i_reserve_keys_for_misses=0,i_perform_updates=0,i_num_updates_log=0,i_num_probe_keys_log=27,i_miss_percentage=0,i_out_of_range_percentage=0,i_range_query_hit_count_log=0,i_exponent_bias=-20,i_force_single_anyhit=1,i_perpendicular_rays=1,i_start_ray_at_zero=1,i_compaction=1,i_large_keys=0,i_debug=0,uncompacted_size=1902656640,final_size=1201325952,update_temp_buffer_size=0,convert_time_ms=5.3570241928100585938,build_time_ms=87.8059539794921875,compact_time_ms=4.270336151123046875,update_time_ms=0,update_convert_time_ms=0,sort_time_ms=0,total_probe_time_ms=187.34928436279295738
i_primitive=triangle,i_key_mode=ext,i_build_mode=b_sfl,i_probe_mode=p_sfl,i_num_build_keys_log=25,i_key_offset=0,i_key_stride_log=0,i_reserve_keys_for_misses=0,i_perform_updates=0,i_num_updates_log=0,i_num_probe_keys_log=27,i_miss_percentage=0,i_out_of_range_percentage=0,i_range_query_hit_count_log=0,i_exponent_bias=-10,i_force_single_anyhit=1,i_perpendicular_rays=1,i_start_ray_at_zero=1,i_compaction=1,i_large_keys=0,i_debug=0,uncompacted_size=1902656640,final_size=1201608704,update_temp_buffer_size=0,convert_time_ms=5.3560957908630371094,build_time_ms=88.0629730224609375,compact_time_ms=4.3007998466491699219,update_time_ms=0,update_convert_time_ms=0,sort_time_ms=0,total_probe_time_ms=188.21864013671876137
i_primitive=triangle,i_key_mode=ext,i_build_mode=b_sfl,i_probe_mode=p_sfl,i_num_build_keys_log=25,i_key_offset=0,i_key_stride_log=0,i_reserve_keys_for_misses=0,i_perform_updates=0,i_num_updates_log=0,i_num_probe_keys_log=27,i_miss_percentage=0,i_out_of_range_percentage=0,i_range_query_hit_count_log=0,i_exponent_bias=0,i_force_single_anyhit=1,i_perpendicular_rays=1,i_start_ray_at_zero=1,i_compaction=1,i_large_keys=0,i_debug=0,uncompacted_size=1902656640,final_size=1201385472,update_temp_buffer_size=0,convert_time_ms=5.4770560264587402344,build_time_ms=87.88054656982421875,compact_time_ms=4.2977280616760253906,update_time_ms=0,update_convert_time_ms=0,sort_time_ms=0,total_probe_time_ms=188.38406219482422443
i_primitive=triangle,i_key_mode=ext,i_build_mode=b_sfl,i_probe_mode=p_sfl,i_num_build_keys_log=25,i_key_offset=0,i_key_stride_log=0,i_reserve_keys_for_misses=0,i_perform_updates=0,i_num_updates_log=0,i_num_probe_keys_log=27,i_miss_percentage=0,i_out_of_range_percentage=0,i_range_query_hit_count_log=0,i_exponent_bias=10,i_force_single_anyhit=1,i_perpendicular_rays=1,i_start_ray_at_zero=1,i_compaction=1,i_large_keys=0,i_debug=0,uncompacted_size=1902656640,final_size=1202637440,update_temp_buffer_size=0,convert_time_ms=5.3574080467224121094,build_time_ms=87.94521331787109375,compact_time_ms=4.291584014892578125,update_time_ms=0,update_convert_time_ms=0,sort_time_ms=0,total_probe_time_ms=187.76297912597655682
i_primitive=triangle,i_key_mode=ext,i_build_mode=b_sfl,i_probe_mode=p_sfl,i_num_build_keys_log=25,i_key_offset=0,i_key_stride_log=0,i_reserve_keys_for_misses=0,i_perform_updates=0,i_num_updates_log=0,i_num_probe_keys_log=27,i_miss_percentage=0,i_out_of_range_percentage=0,i_range_query_hit_count_log=0,i_exponent_bias=20,i_force_single_anyhit=1,i_perpendicular_rays=1,i_start_ray_at_zero=1,i_compaction=1,i_large_keys=0,i_debug=0,uncompacted_size=1902656640,final_size=1201406720,update_temp_buffer_size=0,convert_time_ms=5.3559041023254394531,build_time_ms=88.0035858154296875,compact_time_ms=4.3069438934326171875,update_time_ms=0,update_convert_time_ms=0,sort_time_ms=0,total_probe_time_ms=187.83277282714843182
i_primitive=triangle,i_key_mode=3d,i_build_mode=b_sfl,i_probe_mode=p_sfl,i_num_build_keys_log=25,i_key_offset=0,i_key_stride_log=0,i_reserve_keys_for_misses=0,i_perform_updates=0,i_num_updates_log=0,i_num_probe_keys_log=27,i_miss_percentage=0,i_out_of_range_percentage=0,i_range_query_hit_count_log=0,i_exponent_bias=-20,i_force_single_anyhit=1,i_perpendicular_rays=1,i_start_ray_at_zero=1,i_compaction=1,i_large_keys=0,i_debug=0,uncompacted_size=1902656640,final_size=1071547776,update_temp_buffer_size=0,convert_time_ms=5.40118408203125,build_time_ms=80.590850830078125,compact_time_ms=3.8102719783782958984,update_time_ms=0,update_convert_time_ms=0,sort_time_ms=0,total_probe_time_ms=98.025762939453130684
i_primitive=triangle,i_key_mode=3d,i_build_mode=b_sfl,i_probe_mode=p_sfl,i_num_build_keys_log=25,i_key_offset=0,i_key_stride_log=0,i_reserve_keys_for_misses=0,i_perform_updates=0,i_num_updates_log=0,i_num_probe_keys_log=27,i_miss_percentage=0,i_out_of_range_percentage=0,i_range_query_hit_count_log=0,i_exponent_bias=-10,i_force_single_anyhit=1,i_perpendicular_rays=1,i_start_ray_at_zero=1,i_compaction=1,i_large_keys=0,i_debug=0,uncompacted_size=1902656640,final_size=1072954368,update_temp_buffer_size=0,convert_time_ms=5.4063038825988769531,build_time_ms=80.16684722900390625,compact_time_ms=3.8430719375610351562,update_time_ms=0,update_convert_time_ms=0,sort_time_ms=0,total_probe_time_ms=97.905850982666009941
i_primitive=triangle,i_key_mode=3d,i_build_mode=b_sfl,i_probe_mode=p_sfl,i_num_build_keys_log=25,i_key_offset=0,i_key_stride_log=0,i_reserve_keys_for_misses=0,i_perform_updates=0,i_num_updates_log=0,i_num_probe_keys_log=27,i_miss_percentage=0,i_out_of_range_percentage=0,i_range_query_hit_count_log=0,i_exponent_bias=0,i_force_single_anyhit=1,i_perpendicular_rays=1,i_start_ray_at_zero=1,i_compaction=1,i_large_keys=0,i_debug=0,uncompacted_size=1902656640,final_size=1092123904,update_temp_buffer_size=0,convert_time_ms=5.3680639266967773438,build_time_ms=80.9697265625,compact_time_ms=3.863552093505859375,update_time_ms=0,update_convert_time_ms=0,sort_time_ms=0,total_probe_time_ms=97.974965667724603691
i_primitive=triangle,i_key_mode=3d,i_build_mode=b_sfl,i_probe_mode=p_sfl,i_num_build_keys_log=25,i_key_offset=0,i_key_stride_log=0,i_reserve_keys_for_misses=0,i_perform_updates=0,i_num_updates_log=0,i_num_probe_keys_log=27,i_miss_percentage=0,i_out_of_range_percentage=0,i_range_query_hit_count_log=0,i_exponent_bias=10,i_force_single_anyhit=1,i_perpendicular_rays=1,i_start_ray_at_zero=1,i_compaction=1,i_large_keys=0,i_debug=0,uncompacted_size=1902656640,final_size=1070481024,update_temp_buffer_size=0,convert_time_ms=5.4077439308166503906,build_time_ms=80.67993927001953125,compact_time_ms=3.8348801136016845703,update_time_ms=0,update_convert_time_ms=0,sort_time_ms=0,total_probe_time_ms=97.712774658203130684
i_primitive=triangle,i_key_mode=3d,i_build_mode=b_sfl,i_probe_mode=p_sfl,i_num_build_keys_log=25,i_key_offset=0,i_key_stride_log=0,i_reserve_keys_for_misses=0,i_perform_updates=0,i_num_updates_log=0,i_num_probe_keys_log=27,i_miss_percentage=0,i_out_of_range_percentage=0,i_range_query_hit_count_log=0,i_exponent_bias=20,i_force_single_anyhit=1,i_perpendicular_rays=1,i_start_ray_at_zero=1,i_compaction=1,i_large_keys=0,i_debug=0,uncompacted_size=1902656640,final_size=1071081472,update_temp_buffer_size=0,convert_time_ms=5.4022078514099121094,build_time_ms=80.72089385986328125,compact_time_ms=3.8389759063720703125,update_time_ms=0,update_convert_time_ms=0,sort_time_ms=0,total_probe_time_ms=97.886896514892583809
i_primitive=triangle,i_key_mode=ext,i_build_mode=b_sfl,i_probe_mode=p_sfl,i_num_build_keys_log=26,i_key_offset=0,i_key_stride_log=0,i_reserve_keys_for_misses=0,i_perform_updates=0,i_num_updates_log=0,i_num_probe_keys_log=27,i_miss_percentage=0,i_out_of_range_percentage=0,i_range_query_hit_count_log=0,i_exponent_bias=-20,i_force_single_anyhit=1,i_perpendicular_rays=1,i_start_ray_at_zero=1,i_compaction=1,i_large_keys=0,i_debug=0,uncompacted_size=3805310464,final_size=2419373312,update_temp_buffer_size=0,convert_time_ms=10.68790435791015625,build_time_ms=182.524993896484375,compact_time_ms=8.6876163482666015625,update_time_ms=0,update_convert_time_ms=0,sort_time_ms=0,total_probe_time_ms=10717.845703125
i_primitive=triangle,i_key_mode=ext,i_build_mode=b_sfl,i_probe_mode=p_sfl,i_num_build_keys_log=26,i_key_offset=0,i_key_stride_log=0,i_reserve_keys_for_misses=0,i_perform_updates=0,i_num_updates_log=0,i_num_probe_keys_log=27,i_miss_percentage=0,i_out_of_range_percentage=0,i_range_query_hit_count_log=0,i_exponent_bias=-10,i_force_single_anyhit=1,i_perpendicular_rays=1,i_start_ray_at_zero=1,i_compaction=1,i_large_keys=0,i_debug=0,uncompacted_size=3805310464,final_size=2429205760,update_temp_buffer_size=0,convert_time_ms=10.694560050964355469,build_time_ms=184.353790283203125,compact_time_ms=8.766559600830078125,update_time_ms=0,update_convert_time_ms=0,sort_time_ms=0,total_probe_time_ms=10697.54345703125
i_primitive=triangle,i_key_mode=ext,i_build_mode=b_sfl,i_probe_mode=p_sfl,i_num_build_keys_log=26,i_key_offset=0,i_key_stride_log=0,i_reserve_keys_for_misses=0,i_perform_updates=0,i_num_updates_log=0,i_num_probe_keys_log=27,i_miss_percentage=0,i_out_of_range_percentage=0,i_range_query_hit_count_log=0,i_exponent_bias=0,i_force_single_anyhit=1,i_perpendicular_rays=1,i_start_ray_at_zero=1,i_compaction=1,i_large_keys=0,i_debug=0,uncompacted_size=3805310464,final_size=2419219968,update_temp_buffer_size=0,convert_time_ms=10.937664031982421875,build_time_ms=183.6247100830078125,compact_time_ms=8.7214078903198242188,update_time_ms=0,update_convert_time_ms=0,sort_time_ms=0,total_probe_time_ms=10822.771679687499272
i_primitive=triangle,i_key_mode=ext,i_build_mode=b_sfl,i_probe_mode=p_sfl,i_num_build_keys_log=26,i_key_offset=0,i_key_stride_log=0,i_reserve_keys_for_misses=0,i_perform_updates=0,i_num_updates_log=0,i_num_probe_keys_log=27,i_miss_percentage=0,i_out_of_range_percentage=0,i_range_query_hit_count_log=0,i_exponent_bias=10,i_force_single_anyhit=1,i_perpendicular_rays=1,i_start_ray_at_zero=1,i_compaction=1,i_large_keys=0,i_debug=0,uncompacted_size=3805310464,final_size=2467080064,update_temp_buffer_size=0,convert_time_ms=10.696672439575195312,build_time_ms=184.4951019287109375,compact_time_ms=8.9200639724731445312,update_time_ms=0,update_convert_time_ms=0,sort_time_ms=0,total_probe_time_ms=11377.974804687499272
i_primitive=triangle,i_key_mode=ext,i_build_mode=b_sfl,i_probe_mode=p_sfl,i_num_build_keys_log=26,i_key_offset=0,i_key_stride_log=0,i_reserve_keys_for_misses=0,i_perform_updates=0,i_num_updates_log=0,i_num_probe_keys_log=27,i_miss_percentage=0,i_out_of_range_percentage=0,i_range_query_hit_count_log=0,i_exponent_bias=20,i_force_single_anyhit=1,i_perpendicular_rays=1,i_start_ray_at_zero=1,i_compaction=1,i_large_keys=0,i_debug=0,uncompacted_size=3805310464,final_size=2419439232,update_temp_buffer_size=0,convert_time_ms=10.692671775817871094,build_time_ms=183.6656646728515625,compact_time_ms=8.7797756195068359375,update_time_ms=0,update_convert_time_ms=0,sort_time_ms=0,total_probe_time_ms=10772.143164062499636
i_primitive=triangle,i_key_mode=3d,i_build_mode=b_sfl,i_probe_mode=p_sfl,i_num_build_keys_log=26,i_key_offset=0,i_key_stride_log=0,i_reserve_keys_for_misses=0,i_perform_updates=0,i_num_updates_log=0,i_num_probe_keys_log=27,i_miss_percentage=0,i_out_of_range_percentage=0,i_range_query_hit_count_log=0,i_exponent_bias=-20,i_force_single_anyhit=1,i_perpendicular_rays=1,i_start_ray_at_zero=1,i_compaction=1,i_large_keys=0,i_debug=0,uncompacted_size=3805310464,final_size=2099719936,update_temp_buffer_size=0,convert_time_ms=10.78639984130859375,build_time_ms=162.6880035400390625,compact_time_ms=7.4946241378784179688,update_time_ms=0,update_convert_time_ms=0,sort_time_ms=0,total_probe_time_ms=104.95580062866210369
i_primitive=triangle,i_key_mode=3d,i_build_mode=b_sfl,i_probe_mode=p_sfl,i_num_build_keys_log=26,i_key_offset=0,i_key_stride_log=0,i_reserve_keys_for_misses=0,i_perform_updates=0,i_num_updates_log=0,i_num_probe_keys_log=27,i_miss_percentage=0,i_out_of_range_percentage=0,i_range_query_hit_count_log=0,i_exponent_bias=-10,i_force_single_anyhit=1,i_perpendicular_rays=1,i_start_ray_at_zero=1,i_compaction=1,i_large_keys=0,i_debug=0,uncompacted_size=3805310464,final_size=2104541696,update_temp_buffer_size=0,convert_time_ms=10.794655799865722656,build_time_ms=162.5997467041015625,compact_time_ms=7.4956798553466796875,update_time_ms=0,update_convert_time_ms=0,sort_time_ms=0,total_probe_time_ms=105.34952239990234091
i_primitive=triangle,i_key_mode=3d,i_build_mode=b_sfl,i_probe_mode=p_sfl,i_num_build_keys_log=26,i_key_offset=0,i_key_stride_log=0,i_reserve_keys_for_misses=0,i_perform_updates=0,i_num_updates_log=0,i_num_probe_keys_log=27,i_miss_percentage=0,i_out_of_range_percentage=0,i_range_query_hit_count_log=0,i_exponent_bias=0,i_force_single_anyhit=1,i_perpendicular_rays=1,i_start_ray_at_zero=1,i_compaction=1,i_large_keys=0,i_debug=0,uncompacted_size=3805310464,final_size=2126488064,update_temp_buffer_size=0,convert_time_ms=10.711423873901367188,build_time_ms=163.188507080078125,compact_time_ms=7.5776000022888183594,update_time_ms=0,update_convert_time_ms=0,sort_time_ms=0,total_probe_time_ms=105.27208328247070312
i_primitive=triangle,i_key_mode=3d,i_build_mode=b_sfl,i_probe_mode=p_sfl,i_num_build_keys_log=26,i_key_offset=0,i_key_stride_log=0,i_reserve_keys_for_misses=0,i_perform_updates=0,i_num_updates_log=0,i_num_probe_keys_log=27,i_miss_percentage=0,i_out_of_range_percentage=0,i_range_query_hit_count_log=0,i_exponent_bias=10,i_force_single_anyhit=1,i_perpendicular_rays=1,i_start_ray_at_zero=1,i_compaction=1,i_large_keys=0,i_debug=0,uncompacted_size=3805310464,final_size=2098811904,update_temp_buffer_size=0,convert_time_ms=10.783295631408691406,build_time_ms=161.744903564453125,compact_time_ms=7.4291200637817382812,update_time_ms=0,update_convert_time_ms=0,sort_time_ms=0,total_probe_time_ms=105.02964859008788778
i_primitive=triangle,i_key_mode=3d,i_build_mode=b_sfl,i_probe_mode=p_sfl,i_num_build_keys_log=26,i_key_offset=0,i_key_stride_log=0,i_reserve_keys_for_misses=0,i_perform_updates=0,i_num_updates_log=0,i_num_probe_keys_log=27,i_miss_percentage=0,i_out_of_range_percentage=0,i_range_query_hit_count_log=0,i_exponent_bias=20,i_force_single_anyhit=1,i_perpendicular_rays=1,i_start_ray_at_zero=1,i_compaction=1,i_large_keys=0,i_debug=0,uncompacted_size=3805310464,final_size=2099901056,update_temp_buffer_size=0,convert_time_ms=10.790623664855957031,build_time_ms=160.811004638671875,compact_time_ms=7.4005761146545410156,update_time_ms=0,update_convert_time_ms=0,sort_time_ms=0,total_probe_time_ms=104.91315155029296591
