i_primitive=triangle,i_key_mode=safe,i_build_mode=b_sfl,i_probe_mode=p_sfl,i_num_build_keys_log=21,i_key_offset=0,i_key_stride_log=0,i_reserve_keys_for_misses=0,i_perform_updates=0,i_num_updates_log=0,i_num_probe_keys_log=27,i_miss_percentage=0,i_out_of_range_percentage=0,i_range_query_hit_count_log=0,i_exponent_bias=-20,i_force_single_anyhit=1,i_perpendicular_rays=1,i_start_ray_at_zero=1,i_compaction=1,i_large_keys=0,i_debug=0,uncompacted_size=118918656,final_size=72188800,update_temp_buffer_size=0,convert_time_ms=0.32915198802947998047,build_time_ms=2.8887040615081787109,compact_time_ms=0.18924799561500549316,update_time_ms=0,update_convert_time_ms=0,sort_time_ms=0,total_probe_time_ms=15.391696071624755504
i_primitive=triangle,i_key_mode=safe,i_build_mode=b_sfl,i_probe_mode=p_sfl,i_num_build_keys_log=21,i_key_offset=0,i_key_stride_log=0,i_reserve_keys_for_misses=0,i_perform_updates=0,i_num_updates_log=0,i_num_probe_keys_log=27,i_miss_percentage=0,i_out_of_range_percentage=0,i_range_query_hit_count_log=0,i_exponent_bias=-10,i_force_single_anyhit=1,i_perpendicular_rays=1,i_start_ray_at_zero=1,i_compaction=1,i_large_keys=0,i_debug=0,uncompacted_size=118918656,final_size=72176768,update_temp_buffer_size=0,convert_time_ms=0.33772799372673034668,build_time_ms=2.9040639400482177734,compact_time_ms=0.19046400487422943115,update_time_ms=0,update_convert_time_ms=0,sort_time_ms=0,total_probe_time_ms=15.497795200347900035
i_primitive=triangle,i_key_mode=safe,i_build_mode=b_sfl,i_probe_mode=p_sfl,i_num_build_keys_log=21,i_key_offset=0,i_key_stride_log=0,i_reserve_keys_for_misses=0,i_perform_updates=0,i_num_updates_log=0,i_num_probe_keys_log=27,i_miss_percentage=0,i_out_of_range_percentage=0,i_range_query_hit_count_log=0,i_exponent_bias=0,i_force_single_anyhit=1,i_perpendicular_rays=1,i_start_ray_at_zero=1,i_compaction=1,i_large_keys=0,i_debug=0,uncompacted_size=118918656,final_size=72195584,update_temp_buffer_size=0,convert_time_ms=0.33286398649215698242,build_time_ms=2.8649919033050537109,compact_time_ms=0.18943999707698822021,update_time_ms=0,update_convert_time_ms=0,sort_time_ms=0,total_probe_time_ms=15.082688045501708274
i_primitive=triangle,i_key_mode=safe,i_build_mode=b_sfl,i_probe_mode=p_sfl,i_num_build_keys_log=21,i_key_offset=0,i_key_stride_log=0,i_reserve_keys_for_misses=0,i_perform_updates=0,i_num_updates_log=0,i_num_probe_keys_log=27,i_miss_percentage=0,i_out_of_range_percentage=0,i_range_query_hit_count_log=0,i_exponent_bias=10,i_force_single_anyhit=1,i_perpendicular_rays=1,i_start_ray_at_zero=1,i_compaction=1,i_large_keys=0,i_debug=0,uncompacted_size=118918656,final_size=72215552,update_temp_buffer_size=0,convert_time_ms=0.33020800352096557617,build_time_ms=2.8979198932647705078,compact_time_ms=0.19238400459289550781,update_time_ms=0,update_convert_time_ms=0,sort_time_ms=0,total_probe_time_ms=15.358563327789306996
i_primitive=triangle,i_key_mode=safe,i_build_mode=b_sfl,i_probe_mode=p_sfl,i_num_build_keys_log=21,i_key_offset=0,i_key_stride_log=0,i_reserve_keys_for_misses=0,i_perform_updates=0,i_num_updates_log=0,i_num_probe_keys_log=27,i_miss_percentage=0,i_out_of_range_percentage=0,i_range_query_hit_count_log=0,i_exponent_bias=20,i_force_single_anyhit=1,i_perpendicular_rays=1,i_start_ray_at_zero=1,i_compaction=1,i_large_keys=0,i_debug=0,uncompacted_size=118918656,final_size=72191104,update_temp_buffer_size=0,convert_time_ms=0.32943999767303466797,build_time_ms=2.8890559673309326172,compact_time_ms=0.19142399728298187256,update_time_ms=0,update_convert_time_ms=0,sort_time_ms=0,total_probe_time_ms=14.924067211151122336
i_primitive=triangle,i_key_mode=unsafe,i_build_mode=b_sfl,i_probe_mode=p_sfl,i_num_build_keys_log=21,i_key_offset=0,i_key_stride_log=0,i_reserve_keys_for_misses=0,i_perform_updates=0,i_num_updates_log=0,i_num_probe_keys_log=27,i_miss_percentage=0,i_out_of_range_percentage=0,i_range_query_hit_count_log=0,i_exponent_bias=-20,i_force_single_anyhit=1,i_perpendicular_rays=1,i_start_ray_at_zero=1,i_compaction=1,i_large_keys=0,i_debug=0,uncompacted_size=118918656,final_size=83154432,update_temp_buffer_size=0,convert_time_ms=0.3417600095272064209,build_time_ms=3.689311981201171875,compact_time_ms=0.2222079932689666748,update_time_ms=0,update_convert_time_ms=0,sort_time_ms=0,total_probe_time_ms=15.777260589599610086
i_primitive=triangle,i_key_mode=unsafe,i_build_mode=b_sfl,i_probe_mode=p_sfl,i_num_build_keys_log=21,i_key_offset=0,i_key_stride_log=0,i_reserve_keys_for_misses=0,i_perform_updates=0,i_num_updates_log=0,i_num_probe_keys_log=27,i_miss_percentage=0,i_out_of_range_percentage=0,i_range_query_hit_count_log=0,i_exponent_bias=-10,i_force_single_anyhit=1,i_perpendicular_rays=1,i_start_ray_at_zero=1,i_compaction=1,i_large_keys=0,i_debug=0,uncompacted_size=118918656,final_size=83152640,update_temp_buffer_size=0,convert_time_ms=0.33145600557327270508,build_time_ms=3.6761600971221923828,compact_time_ms=0.22400000691413879395,update_time_ms=0,update_convert_time_ms=0,sort_time_ms=0,total_probe_time_ms=16.310985565185546875
i_primitive=triangle,i_key_mode=unsafe,i_build_mode=b_sfl,i_probe_mode=p_sfl,i_num_build_keys_log=21,i_key_offset=0,i_key_stride_log=0,i_reserve_keys_for_misses=0,i_perform_updates=0,i_num_updates_log=0,i_num_probe_keys_log=27,i_miss_percentage=0,i_out_of_range_percentage=0,i_range_query_hit_count_log=0,i_exponent_bias=0,i_force_single_anyhit=1,i_perpendicular_rays=1,i_start_ray_at_zero=1,i_compaction=1,i_large_keys=0,i_debug=0,uncompacted_size=118918656,final_size=83522688,update_temp_buffer_size=0,convert_time_ms=0.34227201342582702637,build_time_ms=3.6597759723663330078,compact_time_ms=0.22323200106620788574,update_time_ms=0,update_convert_time_ms=0,sort_time_ms=0,total_probe_time_ms=17.036479949951171875
i_primitive=triangle,i_key_mode=unsafe,i_build_mode=b_sfl,i_probe_mode=p_sfl,i_num_build_keys_log=21,i_key_offset=0,i_key_stride_log=0,i_reserve_keys_for_misses=0,i_perform_updates=0,i_num_updates_log=0,i_num_probe_keys_log=27,i_miss_percentage=0,i_out_of_range_percentage=0,i_range_query_hit_count_log=0,i_exponent_bias=10,i_force_single_anyhit=1,i_perpendicular_rays=1,i_start_ray_at_zero=1,i_compaction=1,i_large_keys=0,i_debug=0,uncompacted_size=118918656,final_size=83501184,update_temp_buffer_size=0,convert_time_ms=0.33142399787902832031,build_time_ms=3.6280319690704345703,compact_time_ms=0.22307200729846954346,update_time_ms=0,update_convert_time_ms=0,sort_time_ms=0,total_probe_time_ms=17.031993675231934304
i_primitive=triangle,i_key_mode=unsafe,i_build_mode=b_sfl,i_probe_mode=p_sfl,i_num_build_keys_log=21,i_key_offset=0,i_key_stride_log=0,i_reserve_keys_for_misses=0,i_perform_updates=0,i_num_updates_log=0,i_num_probe_keys_log=27,i_miss_percentage=0,i_out_of_range_percentage=0,i_range_query_hit_count_log=0,i_exponent_bias=20,i_force_single_anyhit=1,i_perpendicular_rays=1,i_start_ray_at_zero=1,i_compaction=1,i_large_keys=0,i_debug=0,uncompacted_size=118918656,final_size=83521408,update_temp_buffer_size=0,convert_time_ms=0.33094400167465209961,build_time_ms=3.6628479957580566406,compact_time_ms=0.21094399690628051758,update_time_ms=0,update_convert_time_ms=0,sort_time_ms=0,total_probe_time_ms=16.302985572814939985
i_primitive=triangle,i_key_mode=ext,i_build_mode=b_sfl,i_probe_mode=p_sfl,i_num_build_keys_log=21,i_key_offset=0,i_key_stride_log=0,i_reserve_keys_for_misses=0,i_perform_updates=0,i_num_updates_log=0,i_num_probe_keys_log=27,i_miss_percentage=0,i_out_of_range_percentage=0,i_range_query_hit_count_log=0,i_exponent_bias=-20,i_force_single_anyhit=1,i_perpendicular_rays=1,i_start_ray_at_zero=1,i_compaction=1,i_large_keys=0,i_debug=0,uncompacted_size=118918656,final_size=83769472,update_temp_buffer_size=0,convert_time_ms=0.31651198863983154297,build_time_ms=2.9163520336151123047,compact_time_ms=0.2222079932689666748,update_time_ms=0,update_convert_time_ms=0,sort_time_ms=0,total_probe_time_ms=16.613679885864257812
i_primitive=triangle,i_key_mode=ext,i_build_mode=b_sfl,i_probe_mode=p_sfl,i_num_build_keys_log=21,i_key_offset=0,i_key_stride_log=0,i_reserve_keys_for_misses=0,i_perform_updates=0,i_num_updates_log=0,i_num_probe_keys_log=27,i_miss_percentage=0,i_out_of_range_percentage=0,i_range_query_hit_count_log=0,i_exponent_bias=-10,i_force_single_anyhit=1,i_perpendicular_rays=1,i_start_ray_at_zero=1,i_compaction=1,i_large_keys=0,i_debug=0,uncompacted_size=118918656,final_size=83774848,update_temp_buffer_size=0,convert_time_ms=0.32985600829124450684,build_time_ms=2.9242238998413085938,compact_time_ms=0.2222079932689666748,update_time_ms=0,update_convert_time_ms=0,sort_time_ms=0,total_probe_time_ms=15.309292793273925781
i_primitive=triangle,i_key_mode=ext,i_build_mode=b_sfl,i_probe_mode=p_sfl,i_num_build_keys_log=21,i_key_offset=0,i_key_stride_log=0,i_reserve_keys_for_misses=0,i_perform_updates=0,i_num_updates_log=0,i_num_probe_keys_log=27,i_miss_percentage=0,i_out_of_range_percentage=0,i_range_query_hit_count_log=0,i_exponent_bias=0,i_force_single_anyhit=1,i_perpendicular_rays=1,i_start_ray_at_zero=1,i_compaction=1,i_large_keys=0,i_debug=0,uncompacted_size=118918656,final_size=83769344,update_temp_buffer_size=0,convert_time_ms=0.33667200803756713867,build_time_ms=2.934783935546875,compact_time_ms=0.2222079932689666748,update_time_ms=0,update_convert_time_ms=0,sort_time_ms=0,total_probe_time_ms=15.748022460937500355
i_primitive=triangle,i_key_mode=ext,i_build_mode=b_sfl,i_probe_mode=p_sfl,i_num_build_keys_log=21,i_key_offset=0,i_key_stride_log=0,i_reserve_keys_for_misses=0,i_perform_updates=0,i_num_updates_log=0,i_num_probe_keys_log=27,i_miss_percentage=0,i_out_of_range_percentage=0,i_range_query_hit_count_log=0,i_exponent_bias=10,i_force_single_anyhit=1,i_perpendicular_rays=1,i_start_ray_at_zero=1,i_compaction=1,i_large_keys=0,i_debug=0,uncompacted_size=118918656,final_size=83797888,update_temp_buffer_size=0,convert_time_ms=0.31817600131034851074,build_time_ms=2.9460480213165283203,compact_time_ms=0.22323200106620788574,update_time_ms=0,update_convert_time_ms=0,sort_time_ms=0,total_probe_time_ms=15.774415969848632812
i_primitive=triangle,i_key_mode=ext,i_build_mode=b_sfl,i_probe_mode=p_sfl,i_num_build_keys_log=21,i_key_offset=0,i_key_stride_log=0,i_reserve_keys_for_misses=0,i_perform_updates=0,i_num_updates_log=0,i_num_probe_keys_log=27,i_miss_percentage=0,i_out_of_range_percentage=0,i_range_query_hit_count_log=0,i_exponent_bias=20,i_force_single_anyhit=1,i_perpendicular_rays=1,i_start_ray_at_zero=1,i_compaction=1,i_large_keys=0,i_debug=0,uncompacted_size=118918656,final_size=83769344,update_temp_buffer_size=0,convert_time_ms=0.33142399787902832031,build_time_ms=2.9276158809661865234,compact_time_ms=0.21270400285720825195,update_time_ms=0,update_convert_time_ms=0,sort_time_ms=0,total_probe_time_ms=16.131404590606688743
i_primitive=triangle,i_key_mode=3d,i_build_mode=b_sfl,i_probe_mode=p_sfl,i_num_build_keys_log=21,i_key_offset=0,i_key_stride_log=0,i_reserve_keys_for_misses=0,i_perform_updates=0,i_num_updates_log=0,i_num_probe_keys_log=27,i_miss_percentage=0,i_out_of_range_percentage=0,i_range_query_hit_count_log=0,i_exponent_bias=-20,i_force_single_anyhit=1,i_perpendicular_rays=1,i_start_ray_at_zero=1,i_compaction=1,i_large_keys=0,i_debug=0,uncompacted_size=118918656,final_size=72214016,update_temp_buffer_size=0,convert_time_ms=0.33116799592971801758,build_time_ms=2.8631041049957275391,compact_time_ms=0.19046400487422943115,update_time_ms=0,update_convert_time_ms=0,sort_time_ms=0,total_probe_time_ms=15.26025619506835973
i_primitive=triangle,i_key_mode=3d,i_build_mode=b_sfl,i_probe_mode=p_sfl,i_num_build_keys_log=21,i_key_offset=0,i_key_stride_log=0,i_reserve_keys_for_misses=0,i_perform_updates=0,i_num_updates_log=0,i_num_probe_keys_log=27,i_miss_percentage=0,i_out_of_range_percentage=0,i_range_query_hit_count_log=0,i_exponent_bias=-10,i_force_single_anyhit=1,i_perpendicular_rays=1,i_start_ray_at_zero=1,i_compaction=1,i_large_keys=0,i_debug=0,uncompacted_size=118918656,final_size=72180864,update_temp_buffer_size=0,convert_time_ms=0.33651199936866760254,build_time_ms=2.8631041049957275391,compact_time_ms=0.18943999707698822021,update_time_ms=0,update_convert_time_ms=0,sort_time_ms=0,total_probe_time_ms=15.461369705200194602
i_primitive=triangle,i_key_mode=3d,i_build_mode=b_sfl,i_probe_mode=p_sfl,i_num_build_keys_log=21,i_key_offset=0,i_key_stride_log=0,i_reserve_keys_for_misses=0,i_perform_updates=0,i_num_updates_log=0,i_num_probe_keys_log=27,i_miss_percentage=0,i_out_of_range_percentage=0,i_range_query_hit_count_log=0,i_exponent_bias=0,i_force_single_anyhit=1,i_perpendicular_rays=1,i_start_ray_at_zero=1,i_compaction=1,i_large_keys=0,i_debug=0,uncompacted_size=118918656,final_size=72177152,update_temp_buffer_size=0,convert_time_ms=0.32310399413108825684,build_time_ms=2.9235200881958007812,compact_time_ms=0.19251200556755065918,update_time_ms=0,update_convert_time_ms=0,sort_time_ms=0,total_probe_time_ms=15.093855857849121094
i_primitive=triangle,i_key_mode=3d,i_build_mode=b_sfl,i_probe_mode=p_sfl,i_num_build_keys_log=21,i_key_offset=0,i_key_stride_log=0,i_reserve_keys_for_misses=0,i_perform_updates=0,i_num_updates_log=0,i_num_probe_keys_log=27,i_miss_percentage=0,i_out_of_range_percentage=0,i_range_query_hit_count_log=0,i_exponent_bias=10,i_force_single_anyhit=1,i_perpendicular_rays=1,i_start_ray_at_zero=1,i_compaction=1,i_large_keys=0,i_debug=0,uncompacted_size=118918656,final_size=72214400,update_temp_buffer_size=0,convert_time_ms=0.32368001341819763184,build_time_ms=2.8845760822296142578,compact_time_ms=0.19251200556755065918,update_time_ms=0,update_convert_time_ms=0,sort_time_ms=0,total_probe_time_ms=15.325251102447509766
i_primitive=triangle,i_key_mode=3d,i_build_mode=b_sfl,i_probe_mode=p_sfl,i_num_build_keys_log=21,i_key_offset=0,i_key_stride_log=0,i_reserve_keys_for_misses=0,i_perform_updates=0,i_num_updates_log=0,i_num_probe_keys_log=27,i_miss_percentage=0,i_out_of_range_percentage=0,i_range_query_hit_count_log=0,i_exponent_bias=20,i_force_single_anyhit=1,i_perpendicular_rays=1,i_start_ray_at_zero=1,i_compaction=1,i_large_keys=0,i_debug=0,uncompacted_size=118918656,final_size=72189824,update_temp_buffer_size=0,convert_time_ms=0.32400000095367431641,build_time_ms=2.8600320816040039062,compact_time_ms=0.19359999895095825195,update_time_ms=0,update_convert_time_ms=0,sort_time_ms=0,total_probe_time_ms=14.878339195251465199
i_primitive=triangle,i_key_mode=safe,i_build_mode=b_sfl,i_probe_mode=p_sfl,i_num_build_keys_log=22,i_key_offset=0,i_key_stride_log=0,i_reserve_keys_for_misses=0,i_perform_updates=0,i_num_updates_log=0,i_num_probe_keys_log=27,i_miss_percentage=0,i_out_of_range_percentage=0,i_range_query_hit_count_log=0,i_exponent_bias=-20,i_force_single_anyhit=1,i_perpendicular_rays=1,i_start_ray_at_zero=1,i_compaction=1,i_large_keys=0,i_debug=0,uncompacted_size=237834624,final_size=142806144,update_temp_buffer_size=0,convert_time_ms=0.63455998897552490234,build_time_ms=6.2544960975646972656,compact_time_ms=0.37887999415397644043,update_time_ms=0,update_convert_time_ms=0,sort_time_ms=0,total_probe_time_ms=25.44087657928466939
i_primitive=triangle,i_key_mode=safe,i_build_mode=b_sfl,i_probe_mode=p_sfl,i_num_build_keys_log=22,i_key_offset=0,i_key_stride_log=0,i_reserve_keys_for_misses=0,i_perform_updates=0,i_num_updates_log=0,i_num_probe_keys_log=27,i_miss_percentage=0,i_out_of_range_percentage=0,i_range_query_hit_count_log=0,i_exponent_bias=-10,i_force_single_anyhit=1,i_perpendicular_rays=1,i_start_ray_at_zero=1,i_compaction=1,i_large_keys=0,i_debug=0,uncompacted_size=237834624,final_size=142894848,update_temp_buffer_size=0,convert_time_ms=0.64800000190734863281,build_time_ms=6.2421121597290039062,compact_time_ms=0.37887999415397644043,update_time_ms=0,update_convert_time_ms=0,sort_time_ms=0,total_probe_time_ms=25.4848480224609375
i_primitive=triangle,i_key_mode=safe,i_build_mode=b_sfl,i_probe_mode=p_sfl,i_num_build_keys_log=22,i_key_offset=0,i_key_stride_log=0,i_reserve_keys_for_misses=0,i_perform_updates=0,i_num_updates_log=0,i_num_probe_keys_log=27,i_miss_percentage=0,i_out_of_range_percentage=0,i_range_query_hit_count_log=0,i_exponent_bias=0,i_force_single_anyhit=1,i_perpendicular_rays=1,i_start_ray_at_zero=1,i_compaction=1,i_large_keys=0,i_debug=0,uncompacted_size=237834624,final_size=142848768,update_temp_buffer_size=0,convert_time_ms=0.61468797922134399414,build_time_ms=6.2831997871398925781,compact_time_ms=0.37990400195121765137,update_time_ms=0,update_convert_time_ms=0,sort_time_ms=0,total_probe_time_ms=25.422118568420408735
i_primitive=triangle,i_key_mode=safe,i_build_mode=b_sfl,i_probe_mode=p_sfl,i_num_build_keys_log=22,i_key_offset=0,i_key_stride_log=0,i_reserve_keys_for_misses=0,i_perform_updates=0,i_num_updates_log=0,i_num_probe_keys_log=27,i_miss_percentage=0,i_out_of_range_percentage=0,i_range_query_hit_count_log=0,i_exponent_bias=10,i_force_single_anyhit=1,i_perpendicular_rays=1,i_start_ray_at_zero=1,i_compaction=1,i_large_keys=0,i_debug=0,uncompacted_size=237834624,final_size=142608512,update_temp_buffer_size=0,convert_time_ms=0.63878399133682250977,build_time_ms=6.2658557891845703125,compact_time_ms=0.37990400195121765137,update_time_ms=0,update_convert_time_ms=0,sort_time_ms=0,total_probe_time_ms=25.386380958557129617
i_primitive=triangle,i_key_mode=safe,i_build_mode=b_sfl,i_probe_mode=p_sfl,i_num_build_keys_log=22,i_key_offset=0,i_key_stride_log=0,i_reserve_keys_for_misses=0,i_perform_updates=0,i_num_updates_log=0,i_num_probe_keys_log=27,i_miss_percentage=0,i_out_of_range_percentage=0,i_range_query_hit_count_log=0,i_exponent_bias=20,i_force_single_anyhit=1,i_perpendicular_rays=1,i_start_ray_at_zero=1,i_compaction=1,i_large_keys=0,i_debug=0,uncompacted_size=237834624,final_size=142326912,update_temp_buffer_size=0,convert_time_ms=0.64844799041748046875,build_time_ms=6.25049591064453125,compact_time_ms=0.37683200836181640625,update_time_ms=0,update_convert_time_ms=0,sort_time_ms=0,total_probe_time_ms=25.271609306335449219
i_primitive=triangle,i_key_mode=unsafe,i_build_mode=b_sfl,i_probe_mode=p_sfl,i_num_build_keys_log=22,i_key_offset=0,i_key_stride_log=0,i_reserve_keys_for_misses=0,i_perform_updates=0,i_num_updates_log=0,i_num_probe_keys_log=27,i_miss_percentage=0,i_out_of_range_percentage=0,i_range_query_hit_count_log=0,i_exponent_bias=-20,i_force_single_anyhit=1,i_perpendicular_rays=1,i_start_ray_at_zero=1,i_compaction=1,i_large_keys=0,i_debug=0,uncompacted_size=237834624,final_size=165328512,update_temp_buffer_size=0,convert_time_ms=0.65248000621795654297,build_time_ms=6.4675841331481933594,compact_time_ms=0.43315199017524719238,update_time_ms=0,update_convert_time_ms=0,sort_time_ms=0,total_probe_time_ms=33.028594970703125
i_primitive=triangle,i_key_mode=unsafe,i_build_mode=b_sfl,i_probe_mode=p_sfl,i_num_build_keys_log=22,i_key_offset=0,i_key_stride_log=0,i_reserve_keys_for_misses=0,i_perform_updates=0,i_num_updates_log=0,i_num_probe_keys_log=27,i_miss_percentage=0,i_out_of_range_percentage=0,i_range_query_hit_count_log=0,i_exponent_bias=-10,i_force_single_anyhit=1,i_perpendicular_rays=1,i_start_ray_at_zero=1,i_compaction=1,i_large_keys=0,i_debug=0,uncompacted_size=237834624,final_size=165869696,update_temp_buffer_size=0,convert_time_ms=0.65059202909469604492,build_time_ms=6.4563198089599609375,compact_time_ms=0.4362240135669708252,update_time_ms=0,update_convert_time_ms=0,sort_time_ms=0,total_probe_time_ms=33.141481399536132812
i_primitive=triangle,i_key_mode=unsafe,i_build_mode=b_sfl,i_probe_mode=p_sfl,i_num_build_keys_log=22,i_key_offset=0,i_key_stride_log=0,i_reserve_keys_for_misses=0,i_perform_updates=0,i_num_updates_log=0,i_num_probe_keys_log=27,i_miss_percentage=0,i_out_of_range_percentage=0,i_range_query_hit_count_log=0,i_exponent_bias=0,i_force_single_anyhit=1,i_perpendicular_rays=1,i_start_ray_at_zero=1,i_compaction=1,i_large_keys=0,i_debug=0,uncompacted_size=237834624,final_size=165967360,update_temp_buffer_size=0,convert_time_ms=0.63868802785873413086,build_time_ms=6.4501757621765136719,compact_time_ms=0.43315199017524719238,update_time_ms=0,update_convert_time_ms=0,sort_time_ms=0,total_probe_time_ms=33.143807983398438921
i_primitive=triangle,i_key_mode=unsafe,i_build_mode=b_sfl,i_probe_mode=p_sfl,i_num_build_keys_log=22,i_key_offset=0,i_key_stride_log=0,i_reserve_keys_for_misses=0,i_perform_updates=0,i_num_updates_log=0,i_num_probe_keys_log=27,i_miss_percentage=0,i_out_of_range_percentage=0,i_range_query_hit_count_log=0,i_exponent_bias=10,i_force_single_anyhit=1,i_perpendicular_rays=1,i_start_ray_at_zero=1,i_compaction=1,i_large_keys=0,i_debug=0,uncompacted_size=237834624,final_size=166052992,update_temp_buffer_size=0,convert_time_ms=0.64115202426910400391,build_time_ms=6.4696321487426757812,compact_time_ms=0.43436801433563232422,update_time_ms=0,update_convert_time_ms=0,sort_time_ms=0,total_probe_time_ms=33.137654113769528408
i_primitive=triangle,i_key_mode=unsafe,i_build_mode=b_sfl,i_probe_mode=p_sfl,i_num_build_keys_log=22,i_key_offset=0,i_key_stride_log=0,i_reserve_keys_for_misses=0,i_perform_updates=0,i_num_updates_log=0,i_num_probe_keys_log=27,i_miss_percentage=0,i_out_of_range_percentage=0,i_range_query_hit_count_log=0,i_exponent_bias=20,i_force_single_anyhit=1,i_perpendicular_rays=1,i_start_ray_at_zero=1,i_compaction=1,i_large_keys=0,i_debug=0,uncompacted_size=237834624,final_size=166310784,update_temp_buffer_size=0,convert_time_ms=0.64950400590896606445,build_time_ms=6.4614400863647460938,compact_time_ms=0.43747198581695556641,update_time_ms=0,update_convert_time_ms=0,sort_time_ms=0,total_probe_time_ms=33.22992591857909872
i_primitive=triangle,i_key_mode=ext,i_build_mode=b_sfl,i_probe_mode=p_sfl,i_num_build_keys_log=22,i_key_offset=0,i_key_stride_log=0,i_reserve_keys_for_misses=0,i_perform_updates=0,i_num_updates_log=0,i_num_probe_keys_log=27,i_miss_percentage=0,i_out_of_range_percentage=0,i_range_query_hit_count_log=0,i_exponent_bias=-20,i_force_single_anyhit=1,i_perpendicular_rays=1,i_start_ray_at_zero=1,i_compaction=1,i_large_keys=0,i_debug=0,uncompacted_size=237834624,final_size=166070656,update_temp_buffer_size=0,convert_time_ms=0.62579202651977539062,build_time_ms=6.3016958236694335938,compact_time_ms=0.43724799156188964844,update_time_ms=0,update_convert_time_ms=0,sort_time_ms=0,total_probe_time_ms=29.075248336791993609
i_primitive=triangle,i_key_mode=ext,i_build_mode=b_sfl,i_probe_mode=p_sfl,i_num_build_keys_log=22,i_key_offset=0,i_key_stride_log=0,i_reserve_keys_for_misses=0,i_perform_updates=0,i_num_updates_log=0,i_num_probe_keys_log=27,i_miss_percentage=0,i_out_of_range_percentage=0,i_range_query_hit_count_log=0,i_exponent_bias=-10,i_force_single_anyhit=1,i_perpendicular_rays=1,i_start_ray_at_zero=1,i_compaction=1,i_large_keys=0,i_debug=0,uncompacted_size=237834624,final_size=166073088,update_temp_buffer_size=0,convert_time_ms=0.62576001882553100586,build_time_ms=6.3457279205322265625,compact_time_ms=0.43187201023101806641,update_time_ms=0,update_convert_time_ms=0,sort_time_ms=0,total_probe_time_ms=29.071007919311522727
i_primitive=triangle,i_key_mode=ext,i_build_mode=b_sfl,i_probe_mode=p_sfl,i_num_build_keys_log=22,i_key_offset=0,i_key_stride_log=0,i_reserve_keys_for_misses=0,i_perform_updates=0,i_num_updates_log=0,i_num_probe_keys_log=27,i_miss_percentage=0,i_out_of_range_percentage=0,i_range_query_hit_count_log=0,i_exponent_bias=0,i_force_single_anyhit=1,i_perpendicular_rays=1,i_start_ray_at_zero=1,i_compaction=1,i_large_keys=0,i_debug=0,uncompacted_size=237834624,final_size=166053376,update_temp_buffer_size=0,convert_time_ms=0.64524799585342407227,build_time_ms=6.3549442291259765625,compact_time_ms=0.43299201130867004395,update_time_ms=0,update_convert_time_ms=0,sort_time_ms=0,total_probe_time_ms=29.063878059387207031
i_primitive=triangle,i_key_mode=ext,i_build_mode=b_sfl,i_probe_mode=p_sfl,i_num_build_keys_log=22,i_key_offset=0,i_key_stride_log=0,i_reserve_keys_for_misses=0,i_perform_updates=0,i_num_updates_log=0,i_num_probe_keys_log=27,i_miss_percentage=0,i_out_of_range_percentage=0,i_range_query_hit_count_log=0,i_exponent_bias=10,i_force_single_anyhit=1,i_perpendicular_rays=1,i_start_ray_at_zero=1,i_compaction=1,i_large_keys=0,i_debug=0,uncompacted_size=237834624,final_size=166109952,update_temp_buffer_size=0,convert_time_ms=0.62329602241516113281,build_time_ms=6.2935042381286621094,compact_time_ms=0.4362240135669708252,update_time_ms=0,update_convert_time_ms=0,sort_time_ms=0,total_probe_time_ms=29.100118064880369673
i_primitive=triangle,i_key_mode=ext,i_build_mode=b_sfl,i_probe_mode=p_sfl,i_num_build_keys_log=22,i_key_offset=0,i_key_stride_log=0,i_reserve_keys_for_misses=0,i_perform_updates=0,i_num_updates_log=0,i_num_probe_keys_log=27,i_miss_percentage=0,i_out_of_range_percentage=0,i_range_query_hit_count_log=0,i_exponent_bias=20,i_force_single_anyhit=1,i_perpendicular_rays=1,i_start_ray_at_zero=1,i_compaction=1,i_large_keys=0,i_debug=0,uncompacted_size=237834624,final_size=166062080,update_temp_buffer_size=0,convert_time_ms=0.62323200702667236328,build_time_ms=6.3692798614501953125,compact_time_ms=0.4362240135669708252,update_time_ms=0,update_convert_time_ms=0,sort_time_ms=0,total_probe_time_ms=29.06930217742920064
i_primitive=triangle,i_key_mode=3d,i_build_mode=b_sfl,i_probe_mode=p_sfl,i_num_build_keys_log=22,i_key_offset=0,i_key_stride_log=0,i_reserve_keys_for_misses=0,i_perform_updates=0,i_num_updates_log=0,i_num_probe_keys_log=27,i_miss_percentage=0,i_out_of_range_percentage=0,i_range_query_hit_count_log=0,i_exponent_bias=-20,i_force_single_anyhit=1,i_perpendicular_rays=1,i_start_ray_at_zero=1,i_compaction=1,i_large_keys=0,i_debug=0,uncompacted_size=237834624,final_size=142076288,update_temp_buffer_size=0,convert_time_ms=0.63744002580642700195,build_time_ms=6.2740478515625,compact_time_ms=0.3727360069751739502,update_time_ms=0,update_convert_time_ms=0,sort_time_ms=0,total_probe_time_ms=25.205862617492677202
i_primitive=triangle,i_key_mode=3d,i_build_mode=b_sfl,i_probe_mode=p_sfl,i_num_build_keys_log=22,i_key_offset=0,i_key_stride_log=0,i_reserve_keys_for_misses=0,i_perform_updates=0,i_num_updates_log=0,i_num_probe_keys_log=27,i_miss_percentage=0,i_out_of_range_percentage=0,i_range_query_hit_count_log=0,i_exponent_bias=-10,i_force_single_anyhit=1,i_perpendicular_rays=1,i_start_ray_at_zero=1,i_compaction=1,i_large_keys=0,i_debug=0,uncompacted_size=237834624,final_size=142862720,update_temp_buffer_size=0,convert_time_ms=0.64153599739074707031,build_time_ms=6.2586560249328613281,compact_time_ms=0.37887999415397644043,update_time_ms=0,update_convert_time_ms=0,sort_time_ms=0,total_probe_time_ms=25.465436744689942117
i_primitive=triangle,i_key_mode=3d,i_build_mode=b_sfl,i_probe_mode=p_sfl,i_num_build_keys_log=22,i_key_offset=0,i_key_stride_log=0,i_reserve_keys_for_misses=0,i_perform_updates=0,i_num_updates_log=0,i_num_probe_keys_log=27,i_miss_percentage=0,i_out_of_range_percentage=0,i_range_query_hit_count_log=0,i_exponent_bias=0,i_force_single_anyhit=1,i_perpendicular_rays=1,i_start_ray_at_zero=1,i_compaction=1,i_large_keys=0,i_debug=0,uncompacted_size=237834624,final_size=142648064,update_temp_buffer_size=0,convert_time_ms=0.63216000795364379883,build_time_ms=6.2850241661071777344,compact_time_ms=0.37782400846481323242,update_time_ms=0,update_convert_time_ms=0,sort_time_ms=0,total_probe_time_ms=25.439241600036620383
i_primitive=triangle,i_key_mode=3d,i_build_mode=b_sfl,i_probe_mode=p_sfl,i_num_build_keys_log=22,i_key_offset=0,i_key_stride_log=0,i_reserve_keys_for_misses=0,i_perform_updates=0,i_num_updates_log=0,i_num_probe_keys_log=27,i_miss_percentage=0,i_out_of_range_percentage=0,i_range_query_hit_count_log=0,i_exponent_bias=10,i_force_single_anyhit=1,i_perpendicular_rays=1,i_start_ray_at_zero=1,i_compaction=1,i_large_keys=0,i_debug=0,uncompacted_size=237834624,final_size=142386176,update_temp_buffer_size=0,convert_time_ms=0.62339198589324951172,build_time_ms=6.25971221923828125,compact_time_ms=0.37580800056457519531,update_time_ms=0,update_convert_time_ms=0,sort_time_ms=0,total_probe_time_ms=25.333411407470702414
i_primitive=triangle,i_key_mode=3d,i_build_mode=b_sfl,i_probe_mode=p_sfl,i_num_build_keys_log=22,i_key_offset=0,i_key_stride_log=0,i_reserve_keys_for_misses=0,i_perform_updates=0,i_num_updates_log=0,i_num_probe_keys_log=27,i_miss_percentage=0,i_out_of_range_percentage=0,i_range_query_hit_count_log=0,i_exponent_bias=20,i_force_single_anyhit=1,i_perpendicular_rays=1,i_start_ray_at_zero=1,i_compaction=1,i_large_keys=0,i_debug=0,uncompacted_size=237834624,final_size=142582784,update_temp_buffer_size=0,convert_time_ms=0.63715201616287231445,build_time_ms=6.2689280509948730469,compact_time_ms=0.37580800056457519531,update_time_ms=0,update_convert_time_ms=0,sort_time_ms=0,total_probe_time_ms=25.378310203552246094
i_primitive=triangle,i_key_mode=safe,i_build_mode=b_sfl,i_probe_mode=p_sfl,i_num_build_keys_log=23,i_key_offset=0,i_key_stride_log=0,i_reserve_keys_for_misses=0,i_perform_updates=0,i_num_updates_log=0,i_num_probe_keys_log=27,i_miss_percentage=0,i_out_of_range_percentage=0,i_range_query_hit_count_log=0,i_exponent_bias=-20,i_force_single_anyhit=1,i_perpendicular_rays=1,i_start_ray_at_zero=1,i_compaction=1,i_large_keys=0,i_debug=0,uncompacted_size=475666304,final_size=291196544,update_temp_buffer_size=0,convert_time_ms=1.2602239847183227539,build_time_ms=13.5382080078125,compact_time_ms=0.75468802452087402344,update_time_ms=0,update_convert_time_ms=0,sort_time_ms=0,total_probe_time_ms=42.762233352661134234
i_primitive=triangle,i_key_mode=safe,i_build_mode=b_sfl,i_probe_mode=p_sfl,i_num_build_keys_log=23,i_key_offset=0,i_key_stride_log=0,i_reserve_keys_for_misses=0,i_perform_updates=0,i_num_updates_log=0,i_num_probe_keys_log=27,i_miss_percentage=0,i_out_of_range_percentage=0,i_range_query_hit_count_log=0,i_exponent_bias=-10,i_force_single_anyhit=1,i_perpendicular_rays=1,i_start_ray_at_zero=1,i_compaction=1,i_large_keys=0,i_debug=0,uncompacted_size=475666304,final_size=290673408,update_temp_buffer_size=0,convert_time_ms=1.2527359724044799805,build_time_ms=13.536255836486816406,compact_time_ms=0.75590401887893676758,update_time_ms=0,update_convert_time_ms=0,sort_time_ms=0,total_probe_time_ms=42.772541427612303266
i_primitive=triangle,i_key_mode=safe,i_build_mode=b_sfl,i_probe_mode=p_sfl,i_num_build_keys_log=23,i_key_offset=0,i_key_stride_log=0,i_reserve_keys_for_misses=0,i_perform_updates=0,i_num_updates_log=0,i_num_probe_keys_log=27,i_miss_percentage=0,i_out_of_range_percentage=0,i_range_query_hit_count_log=0,i_exponent_bias=0,i_force_single_anyhit=1,i_perpendicular_rays=1,i_start_ray_at_zero=1,i_compaction=1,i_large_keys=0,i_debug=0,uncompacted_size=475666304,final_size=291170944,update_temp_buffer_size=0,convert_time_ms=1.2178879976272583008,build_time_ms=13.518848419189453125,compact_time_ms=0.75673598051071166992,update_time_ms=0,update_convert_time_ms=0,sort_time_ms=0,total_probe_time_ms=42.794589233398440342
i_primitive=triangle,i_key_mode=safe,i_build_mode=b_sfl,i_probe_mode=p_sfl,i_num_build_keys_log=23,i_key_offset=0,i_key_stride_log=0,i_reserve_keys_for_misses=0,i_perform_updates=0,i_num_updates_log=0,i_num_probe_keys_log=27,i_miss_percentage=0,i_out_of_range_percentage=0,i_range_query_hit_count_log=0,i_exponent_bias=10,i_force_single_anyhit=1,i_perpendicular_rays=1,i_start_ray_at_zero=1,i_compaction=1,i_large_keys=0,i_debug=0,uncompacted_size=475666304,final_size=291181696,update_temp_buffer_size=0,convert_time_ms=1.2616000175476074219,build_time_ms=13.547519683837890625,compact_time_ms=0.75468802452087402344,update_time_ms=0,update_convert_time_ms=0,sort_time_ms=0,total_probe_time_ms=42.7584381103515625
i_primitive=triangle,i_key_mode=safe,i_build_mode=b_sfl,i_probe_mode=p_sfl,i_num_build_keys_log=23,i_key_offset=0,i_key_stride_log=0,i_reserve_keys_for_misses=0,i_perform_updates=0,i_num_updates_log=0,i_num_probe_keys_log=27,i_miss_percentage=0,i_out_of_range_percentage=0,i_range_query_hit_count_log=0,i_exponent_bias=20,i_force_single_anyhit=1,i_perpendicular_rays=1,i_start_ray_at_zero=1,i_compaction=1,i_large_keys=0,i_debug=0,uncompacted_size=475666304,final_size=291211520,update_temp_buffer_size=0,convert_time_ms=1.2632639408111572266,build_time_ms=13.498175621032714844,compact_time_ms=0.75775998830795288086,update_time_ms=0,update_convert_time_ms=0,sort_time_ms=0,total_probe_time_ms=42.778329849243164062
i_primitive=triangle,i_key_mode=unsafe,i_build_mode=b_sfl,i_probe_mode=p_sfl,i_num_build_keys_log=23,i_key_offset=0,i_key_stride_log=0,i_reserve_keys_for_misses=0,i_perform_updates=0,i_num_updates_log=0,i_num_probe_keys_log=27,i_miss_percentage=0,i_out_of_range_percentage=0,i_range_query_hit_count_log=0,i_exponent_bias=-20,i_force_single_anyhit=1,i_perpendicular_rays=1,i_start_ray_at_zero=1,i_compaction=1,i_large_keys=0,i_debug=0,uncompacted_size=475666304,final_size=329812864,update_temp_buffer_size=0,convert_time_ms=1.2683520317077636719,build_time_ms=13.648896217346191406,compact_time_ms=0.85913598537445068359,update_time_ms=0,update_convert_time_ms=0,sort_time_ms=0,total_probe_time_ms=50.319974517822267046
i_primitive=triangle,i_key_mode=unsafe,i_build_mode=b_sfl,i_probe_mode=p_sfl,i_num_build_keys_log=23,i_key_offset=0,i_key_stride_log=0,i_reserve_keys_for_misses=0,i_perform_updates=0,i_num_updates_log=0,i_num_probe_keys_log=27,i_miss_percentage=0,i_out_of_range_percentage=0,i_range_query_hit_count_log=0,i_exponent_bias=-10,i_force_single_anyhit=1,i_perpendicular_rays=1,i_start_ray_at_zero=1,i_compaction=1,i_large_keys=0,i_debug=0,uncompacted_size=475666304,final_size=330754304,update_temp_buffer_size=0,convert_time_ms=1.2676479816436767578,build_time_ms=13.632672309875488281,compact_time_ms=0.85913598537445068359,update_time_ms=0,update_convert_time_ms=0,sort_time_ms=0,total_probe_time_ms=50.432480239868162641
i_primitive=triangle,i_key_mode=unsafe,i_build_mode=b_sfl,i_probe_mode=p_sfl,i_num_build_keys_log=23,i_key_offset=0,i_key_stride_log=0,i_reserve_keys_for_misses=0,i_perform_updates=0,i_num_updates_log=0,i_num_probe_keys_log=27,i_miss_percentage=0,i_out_of_range_percentage=0,i_range_query_hit_count_log=0,i_exponent_bias=0,i_force_single_anyhit=1,i_perpendicular_rays=1,i_start_ray_at_zero=1,i_compaction=1,i_large_keys=0,i_debug=0,uncompacted_size=475666304,final_size=332803584,update_temp_buffer_size=0,convert_time_ms=1.2665599584579467773,build_time_ms=13.630208015441894531,compact_time_ms=0.86425602436065673828,update_time_ms=0,update_convert_time_ms=0,sort_time_ms=0,total_probe_time_ms=50.60350685119628622
i_primitive=triangle,i_key_mode=unsafe,i_build_mode=b_sfl,i_probe_mode=p_sfl,i_num_build_keys_log=23,i_key_offset=0,i_key_stride_log=0,i_reserve_keys_for_misses=0,i_perform_updates=0,i_num_updates_log=0,i_num_probe_keys_log=27,i_miss_percentage=0,i_out_of_range_percentage=0,i_range_query_hit_count_log=0,i_exponent_bias=10,i_force_single_anyhit=1,i_perpendicular_rays=1,i_start_ray_at_zero=1,i_compaction=1,i_large_keys=0,i_debug=0,uncompacted_size=475666304,final_size=333158016,update_temp_buffer_size=0,convert_time_ms=1.2577919960021972656,build_time_ms=13.613056182861328125,compact_time_ms=0.86425602436065673828,update_time_ms=0,update_convert_time_ms=0,sort_time_ms=0,total_probe_time_ms=50.695248031616209516
i_primitive=triangle,i_key_mode=unsafe,i_build_mode=b_sfl,i_probe_mode=p_sfl,i_num_build_keys_log=23,i_key_offset=0,i_key_stride_log=0,i_reserve_keys_for_misses=0,i_perform_updates=0,i_num_updates_log=0,i_num_probe_keys_log=27,i_miss_percentage=0,i_out_of_range_percentage=0,i_range_query_hit_count_log=0,i_exponent_bias=20,i_force_single_anyhit=1,i_perpendicular_rays=1,i_start_ray_at_zero=1,i_compaction=1,i_large_keys=0,i_debug=0,uncompacted_size=475666304,final_size=333029632,update_temp_buffer_size=0,convert_time_ms=1.2704960107803344727,build_time_ms=13.648832321166992188,compact_time_ms=0.86652797460556030273,update_time_ms=0,update_convert_time_ms=0,sort_time_ms=0,total_probe_time_ms=50.624009704589845171
i_primitive=triangle,i_key_mode=ext,i_build_mode=b_sfl,i_probe_mode=p_sfl,i_num_build_keys_log=23,i_key_offset=0,i_key_stride_log=0,i_reserve_keys_for_misses=0,i_perform_updates=0,i_num_updates_log=0,i_num_probe_keys_log=27,i_miss_percentage=0,i_out_of_range_percentage=0,i_range_query_hit_count_log=0,i_exponent_bias=-20,i_force_single_anyhit=1,i_perpendicular_rays=1,i_start_ray_at_zero=1,i_compaction=1,i_large_keys=0,i_debug=0,uncompacted_size=475666304,final_size=353485568,update_temp_buffer_size=0,convert_time_ms=1.2044479846954345703,build_time_ms=13.771776199340820312,compact_time_ms=0.92364799976348876953,update_time_ms=0,update_convert_time_ms=0,sort_time_ms=0,total_probe_time_ms=52.641353988647459516
i_primitive=triangle,i_key_mode=ext,i_build_mode=b_sfl,i_probe_mode=p_sfl,i_num_build_keys_log=23,i_key_offset=0,i_key_stride_log=0,i_reserve_keys_for_misses=0,i_perform_updates=0,i_num_updates_log=0,i_num_probe_keys_log=27,i_miss_percentage=0,i_out_of_range_percentage=0,i_range_query_hit_count_log=0,i_exponent_bias=-10,i_force_single_anyhit=1,i_perpendicular_rays=1,i_start_ray_at_zero=1,i_compaction=1,i_large_keys=0,i_debug=0,uncompacted_size=475666304,final_size=353521408,update_temp_buffer_size=0,convert_time_ms=1.2044160366058349609,build_time_ms=13.785792350769042969,compact_time_ms=0.91971200704574584961,update_time_ms=0,update_convert_time_ms=0,sort_time_ms=0,total_probe_time_ms=52.651811599731445312
i_primitive=triangle,i_key_mode=ext,i_build_mode=b_sfl,i_probe_mode=p_sfl,i_num_build_keys_log=23,i_key_offset=0,i_key_stride_log=0,i_reserve_keys_for_misses=0,i_perform_updates=0,i_num_updates_log=0,i_num_probe_keys_log=27,i_miss_percentage=0,i_out_of_range_percentage=0,i_range_query_hit_count_log=0,i_exponent_bias=0,i_force_single_anyhit=1,i_perpendicular_rays=1,i_start_ray_at_zero=1,i_compaction=1,i_large_keys=0,i_debug=0,uncompacted_size=475666304,final_size=353617664,update_temp_buffer_size=0,convert_time_ms=1.2858879566192626953,build_time_ms=13.760352134704589844,compact_time_ms=0.91852802038192749023,update_time_ms=0,update_convert_time_ms=0,sort_time_ms=0,total_probe_time_ms=52.651065826416015625
i_primitive=triangle,i_key_mode=ext,i_build_mode=b_sfl,i_probe_mode=p_sfl,i_num_build_keys_log=23,i_key_offset=0,i_key_stride_log=0,i_reserve_keys_for_misses=0,i_perform_updates=0,i_num_updates_log=0,i_num_probe_keys_log=27,i_miss_percentage=0,i_out_of_range_percentage=0,i_range_query_hit_count_log=0,i_exponent_bias=10,i_force_single_anyhit=1,i_perpendicular_rays=1,i_start_ray_at_zero=1,i_compaction=1,i_large_keys=0,i_debug=0,uncompacted_size=475666304,final_size=353743360,update_temp_buffer_size=0,convert_time_ms=1.2044800519943237305,build_time_ms=13.7328643798828125,compact_time_ms=0.92268800735473632812,update_time_ms=0,update_convert_time_ms=0,sort_time_ms=0,total_probe_time_ms=52.660518264770509234
i_primitive=triangle,i_key_mode=ext,i_build_mode=b_sfl,i_probe_mode=p_sfl,i_num_build_keys_log=23,i_key_offset=0,i_key_stride_log=0,i_reserve_keys_for_misses=0,i_perform_updates=0,i_num_updates_log=0,i_num_probe_keys_log=27,i_miss_percentage=0,i_out_of_range_percentage=0,i_range_query_hit_count_log=0,i_exponent_bias=20,i_force_single_anyhit=1,i_perpendicular_rays=1,i_start_ray_at_zero=1,i_compaction=1,i_large_keys=0,i_debug=0,uncompacted_size=475666304,final_size=353624576,update_temp_buffer_size=0,convert_time_ms=1.2187839746475219727,build_time_ms=13.698047637939453125,compact_time_ms=0.92547202110290527344,update_time_ms=0,update_convert_time_ms=0,sort_time_ms=0,total_probe_time_ms=52.642499923706054688
i_primitive=triangle,i_key_mode=3d,i_build_mode=b_sfl,i_probe_mode=p_sfl,i_num_build_keys_log=23,i_key_offset=0,i_key_stride_log=0,i_reserve_keys_for_misses=0,i_perform_updates=0,i_num_updates_log=0,i_num_probe_keys_log=27,i_miss_percentage=0,i_out_of_range_percentage=0,i_range_query_hit_count_log=0,i_exponent_bias=-20,i_force_single_anyhit=1,i_perpendicular_rays=1,i_start_ray_at_zero=1,i_compaction=1,i_large_keys=0,i_debug=0,uncompacted_size=475666304,final_size=288104704,update_temp_buffer_size=0,convert_time_ms=1.2372479438781738281,build_time_ms=13.551615715026855469,compact_time_ms=0.75264000892639160156,update_time_ms=0,update_convert_time_ms=0,sort_time_ms=0,total_probe_time_ms=42.886054611206056109
i_primitive=triangle,i_key_mode=3d,i_build_mode=b_sfl,i_probe_mode=p_sfl,i_num_build_keys_log=23,i_key_offset=0,i_key_stride_log=0,i_reserve_keys_for_misses=0,i_perform_updates=0,i_num_updates_log=0,i_num_probe_keys_log=27,i_miss_percentage=0,i_out_of_range_percentage=0,i_range_query_hit_count_log=0,i_exponent_bias=-10,i_force_single_anyhit=1,i_perpendicular_rays=1,i_start_ray_at_zero=1,i_compaction=1,i_large_keys=0,i_debug=0,uncompacted_size=475666304,final_size=286169216,update_temp_buffer_size=0,convert_time_ms=1.2269760370254516602,build_time_ms=13.551615715026855469,compact_time_ms=0.74854397773742675781,update_time_ms=0,update_convert_time_ms=0,sort_time_ms=0,total_probe_time_ms=42.809529113769528408
i_primitive=triangle,i_key_mode=3d,i_build_mode=b_sfl,i_probe_mode=p_sfl,i_num_build_keys_log=23,i_key_offset=0,i_key_stride_log=0,i_reserve_keys_for_misses=0,i_perform_updates=0,i_num_updates_log=0,i_num_probe_keys_log=27,i_miss_percentage=0,i_out_of_range_percentage=0,i_range_query_hit_count_log=0,i_exponent_bias=0,i_force_single_anyhit=1,i_perpendicular_rays=1,i_start_ray_at_zero=1,i_compaction=1,i_large_keys=0,i_debug=0,uncompacted_size=475666304,final_size=303700864,update_temp_buffer_size=0,convert_time_ms=1.2212159633636474609,build_time_ms=13.602815628051757812,compact_time_ms=0.78947198390960693359,update_time_ms=0,update_convert_time_ms=0,sort_time_ms=0,total_probe_time_ms=41.53154869079590128
i_primitive=triangle,i_key_mode=3d,i_build_mode=b_sfl,i_probe_mode=p_sfl,i_num_build_keys_log=23,i_key_offset=0,i_key_stride_log=0,i_reserve_keys_for_misses=0,i_perform_updates=0,i_num_updates_log=0,i_num_probe_keys_log=27,i_miss_percentage=0,i_out_of_range_percentage=0,i_range_query_hit_count_log=0,i_exponent_bias=10,i_force_single_anyhit=1,i_perpendicular_rays=1,i_start_ray_at_zero=1,i_compaction=1,i_large_keys=0,i_debug=0,uncompacted_size=475666304,final_size=285638016,update_temp_buffer_size=0,convert_time_ms=1.2287360429763793945,build_time_ms=13.498144149780273438,compact_time_ms=0.74540799856185913086,update_time_ms=0,update_convert_time_ms=0,sort_time_ms=0,total_probe_time_ms=42.796013259887693891
i_primitive=triangle,i_key_mode=3d,i_build_mode=b_sfl,i_probe_mode=p_sfl,i_num_build_keys_log=23,i_key_offset=0,i_key_stride_log=0,i_reserve_keys_for_misses=0,i_perform_updates=0,i_num_updates_log=0,i_num_probe_keys_log=27,i_miss_percentage=0,i_out_of_range_percentage=0,i_range_query_hit_count_log=0,i_exponent_bias=20,i_force_single_anyhit=1,i_perpendicular_rays=1,i_start_ray_at_zero=1,i_compaction=1,i_large_keys=0,i_debug=0,uncompacted_size=475666304,final_size=288150400,update_temp_buffer_size=0,convert_time_ms=1.2395520210266113281,build_time_ms=13.545248031616210938,compact_time_ms=0.75468802452087402344,update_time_ms=0,update_convert_time_ms=0,sort_time_ms=0,total_probe_time_ms=42.874246215820313921
i_primitive=triangle,i_key_mode=unsafe,i_build_mode=b_sfl,i_probe_mode=p_sfl,i_num_build_keys_log=24,i_key_offset=0,i_key_stride_log=0,i_reserve_keys_for_misses=0,i_perform_updates=0,i_num_updates_log=0,i_num_probe_keys_log=27,i_miss_percentage=0,i_out_of_range_percentage=0,i_range_query_hit_count_log=0,i_exponent_bias=-20,i_force_single_anyhit=1,i_perpendicular_rays=1,i_start_ray_at_zero=1,i_compaction=1,i_large_keys=0,i_debug=0,uncompacted_size=951329792,final_size=674776704,update_temp_buffer_size=0,convert_time_ms=2.5009601116180419922,build_time_ms=27.933696746826171875,compact_time_ms=1.7592320442199707031,update_time_ms=0,update_convert_time_ms=0,sort_time_ms=0,total_probe_time_ms=62.665004730224609375
i_primitive=triangle,i_key_mode=unsafe,i_build_mode=b_sfl,i_probe_mode=p_sfl,i_num_build_keys_log=24,i_key_offset=0,i_key_stride_log=0,i_reserve_keys_for_misses=0,i_perform_updates=0,i_num_updates_log=0,i_num_probe_keys_log=27,i_miss_percentage=0,i_out_of_range_percentage=0,i_range_query_hit_count_log=0,i_exponent_bias=-10,i_force_single_anyhit=1,i_perpendicular_rays=1,i_start_ray_at_zero=1,i_compaction=1,i_large_keys=0,i_debug=0,uncompacted_size=951329792,final_size=675079552,update_temp_buffer_size=0,convert_time_ms=2.5056641101837158203,build_time_ms=27.895807266235351562,compact_time_ms=1.7611520290374755859,update_time_ms=0,update_convert_time_ms=0,sort_time_ms=0,total_probe_time_ms=62.670026016235354405
i_primitive=triangle,i_key_mode=unsafe,i_build_mode=b_sfl,i_probe_mode=p_sfl,i_num_build_keys_log=24,i_key_offset=0,i_key_stride_log=0,i_reserve_keys_for_misses=0,i_perform_updates=0,i_num_updates_log=0,i_num_probe_keys_log=27,i_miss_percentage=0,i_out_of_range_percentage=0,i_range_query_hit_count_log=0,i_exponent_bias=0,i_force_single_anyhit=1,i_perpendicular_rays=1,i_start_ray_at_zero=1,i_compaction=1,i_large_keys=0,i_debug=0,uncompacted_size=951329792,final_size=684194432,update_temp_buffer_size=0,convert_time_ms=2.5061440467834472656,build_time_ms=28.034175872802734375,compact_time_ms=1.7788480520248413086,update_time_ms=0,update_convert_time_ms=0,sort_time_ms=0,total_probe_time_ms=62.833526611328125
i_primitive=triangle,i_key_mode=unsafe,i_build_mode=b_sfl,i_probe_mode=p_sfl,i_num_build_keys_log=24,i_key_offset=0,i_key_stride_log=0,i_reserve_keys_for_misses=0,i_perform_updates=0,i_num_updates_log=0,i_num_probe_keys_log=27,i_miss_percentage=0,i_out_of_range_percentage=0,i_range_query_hit_count_log=0,i_exponent_bias=10,i_force_single_anyhit=1,i_perpendicular_rays=1,i_start_ray_at_zero=1,i_compaction=1,i_large_keys=0,i_debug=0,uncompacted_size=951329792,final_size=686703616,update_temp_buffer_size=0,convert_time_ms=2.5013439655303955078,build_time_ms=27.943935394287109375,compact_time_ms=1.7879040241241455078,update_time_ms=0,update_convert_time_ms=0,sort_time_ms=0,total_probe_time_ms=63.016492462158204546
i_primitive=triangle,i_key_mode=unsafe,i_build_mode=b_sfl,i_probe_mode=p_sfl,i_num_build_keys_log=24,i_key_offset=0,i_key_stride_log=0,i_reserve_keys_for_misses=0,i_perform_updates=0,i_num_updates_log=0,i_num_probe_keys_log=27,i_miss_percentage=0,i_out_of_range_percentage=0,i_range_query_hit_count_log=0,i_exponent_bias=20,i_force_single_anyhit=1,i_perpendicular_rays=1,i_start_ray_at_zero=1,i_compaction=1,i_large_keys=0,i_debug=0,uncompacted_size=951329792,final_size=685673728,update_temp_buffer_size=0,convert_time_ms=2.5027201175689697266,build_time_ms=27.96953582763671875,compact_time_ms=1.7858560085296630859,update_time_ms=0,update_convert_time_ms=0,sort_time_ms=0,total_probe_time_ms=62.932157135009767046
i_primitive=triangle,i_key_mode=ext,i_build_mode=b_sfl,i_probe_mode=p_sfl,i_num_build_keys_log=24,i_key_offset=0,i_key_stride_log=0,i_reserve_keys_for_misses=0,i_perform_updates=0,i_num_updates_log=0,i_num_probe_keys_log=27,i_miss_percentage=0,i_out_of_range_percentage=0,i_range_query_hit_count_log=0,i_exponent_bias=-20,i_force_single_anyhit=1,i_perpendicular_rays=1,i_start_ray_at_zero=1,i_compaction=1,i_large_keys=0,i_debug=0,uncompacted_size=951329792,final_size=586080000,update_temp_buffer_size=0,convert_time_ms=2.3868479728698730469,build_time_ms=27.310079574584960938,compact_time_ms=1.5165439844131469727,update_time_ms=0,update_convert_time_ms=0,sort_time_ms=0,total_probe_time_ms=73.243756866455072441
i_primitive=triangle,i_key_mode=ext,i_build_mode=b_sfl,i_probe_mode=p_sfl,i_num_build_keys_log=24,i_key_offset=0,i_key_stride_log=0,i_reserve_keys_for_misses=0,i_perform_updates=0,i_num_updates_log=0,i_num_probe_keys_log=27,i_miss_percentage=0,i_out_of_range_percentage=0,i_range_query_hit_count_log=0,i_exponent_bias=-10,i_force_single_anyhit=1,i_perpendicular_rays=1,i_start_ray_at_zero=1,i_compaction=1,i_large_keys=0,i_debug=0,uncompacted_size=951329792,final_size=586082048,update_temp_buffer_size=0,convert_time_ms=2.3890879154205322266,build_time_ms=27.31404876708984375,compact_time_ms=1.5235840082168579102,update_time_ms=0,update_convert_time_ms=0,sort_time_ms=0,total_probe_time_ms=73.240345764160153408
i_primitive=triangle,i_key_mode=ext,i_build_mode=b_sfl,i_probe_mode=p_sfl,i_num_build_keys_log=24,i_key_offset=0,i_key_stride_log=0,i_reserve_keys_for_misses=0,i_perform_updates=0,i_num_updates_log=0,i_num_probe_keys_log=27,i_miss_percentage=0,i_out_of_range_percentage=0,i_range_query_hit_count_log=0,i_exponent_bias=0,i_force_single_anyhit=1,i_perpendicular_rays=1,i_start_ray_at_zero=1,i_compaction=1,i_large_keys=0,i_debug=0,uncompacted_size=951329792,final_size=586104832,update_temp_buffer_size=0,convert_time_ms=2.5305919647216796875,build_time_ms=27.2967681884765625,compact_time_ms=1.5216640233993530273,update_time_ms=0,update_convert_time_ms=0,sort_time_ms=0,total_probe_time_ms=73.249235534667974434
i_primitive=triangle,i_key_mode=ext,i_build_mode=b_sfl,i_probe_mode=p_sfl,i_num_build_keys_log=24,i_key_offset=0,i_key_stride_log=0,i_reserve_keys_for_misses=0,i_perform_updates=0,i_num_updates_log=0,i_num_probe_keys_log=27,i_miss_percentage=0,i_out_of_range_percentage=0,i_range_query_hit_count_log=0,i_exponent_bias=10,i_force_single_anyhit=1,i_perpendicular_rays=1,i_start_ray_at_zero=1,i_compaction=1,i_large_keys=0,i_debug=0,uncompacted_size=951329792,final_size=586270336,update_temp_buffer_size=0,convert_time_ms=2.3965120315551757812,build_time_ms=27.284320831298828125,compact_time_ms=1.5257600545883178711,update_time_ms=0,update_convert_time_ms=0,sort_time_ms=0,total_probe_time_ms=73.260320281982416191
i_primitive=triangle,i_key_mode=ext,i_build_mode=b_sfl,i_probe_mode=p_sfl,i_num_build_keys_log=24,i_key_offset=0,i_key_stride_log=0,i_reserve_keys_for_misses=0,i_perform_updates=0,i_num_updates_log=0,i_num_probe_keys_log=27,i_miss_percentage=0,i_out_of_range_percentage=0,i_range_query_hit_count_log=0,i_exponent_bias=20,i_force_single_anyhit=1,i_perpendicular_rays=1,i_start_ray_at_zero=1,i_compaction=1,i_large_keys=0,i_debug=0,uncompacted_size=951329792,final_size=586008448,update_temp_buffer_size=0,convert_time_ms=2.3855040073394775391,build_time_ms=27.270175933837890625,compact_time_ms=1.5257600545883178711,update_time_ms=0,update_convert_time_ms=0,sort_time_ms=0,total_probe_time_ms=73.264511871337887783
i_primitive=triangle,i_key_mode=3d,i_build_mode=b_sfl,i_probe_mode=p_sfl,i_num_build_keys_log=24,i_key_offset=0,i_key_stride_log=0,i_reserve_keys_for_misses=0,i_perform_updates=0,i_num_updates_log=0,i_num_probe_keys_log=27,i_miss_percentage=0,i_out_of_range_percentage=0,i_range_query_hit_count_log=0,i_exponent_bias=-20,i_force_single_anyhit=1,i_perpendicular_rays=1,i_start_ray_at_zero=1,i_compaction=1,i_large_keys=0,i_debug=0,uncompacted_size=951329792,final_size=543773440,update_temp_buffer_size=0,convert_time_ms=2.4287040233612060547,build_time_ms=27.825216293334960938,compact_time_ms=1.4161920547485351562,update_time_ms=0,update_convert_time_ms=0,sort_time_ms=0,total_probe_time_ms=52.419010925292965908
i_primitive=triangle,i_key_mode=3d,i_build_mode=b_sfl,i_probe_mode=p_sfl,i_num_build_keys_log=24,i_key_offset=0,i_key_stride_log=0,i_reserve_keys_for_misses=0,i_perform_updates=0,i_num_updates_log=0,i_num_probe_keys_log=27,i_miss_percentage=0,i_out_of_range_percentage=0,i_range_query_hit_count_log=0,i_exponent_bias=-10,i_force_single_anyhit=1,i_perpendicular_rays=1,i_start_ray_at_zero=1,i_compaction=1,i_large_keys=0,i_debug=0,uncompacted_size=951329792,final_size=539099264,update_temp_buffer_size=0,convert_time_ms=2.4292800426483154297,build_time_ms=27.878400802612304688,compact_time_ms=1.4049279689788818359,update_time_ms=0,update_convert_time_ms=0,sort_time_ms=0,total_probe_time_ms=52.262591934204102984
i_primitive=triangle,i_key_mode=3d,i_build_mode=b_sfl,i_probe_mode=p_sfl,i_num_build_keys_log=24,i_key_offset=0,i_key_stride_log=0,i_reserve_keys_for_misses=0,i_perform_updates=0,i_num_updates_log=0,i_num_probe_keys_log=27,i_miss_percentage=0,i_out_of_range_percentage=0,i_range_query_hit_count_log=0,i_exponent_bias=0,i_force_single_anyhit=1,i_perpendicular_rays=1,i_start_ray_at_zero=1,i_compaction=1,i_large_keys=0,i_debug=0,uncompacted_size=951329792,final_size=554826880,update_temp_buffer_size=0,convert_time_ms=2.4035840034484863281,build_time_ms=27.756320953369140625,compact_time_ms=1.4479360580444335938,update_time_ms=0,update_convert_time_ms=0,sort_time_ms=0,total_probe_time_ms=52.735593795776367188
i_primitive=triangle,i_key_mode=3d,i_build_mode=b_sfl,i_probe_mode=p_sfl,i_num_build_keys_log=24,i_key_offset=0,i_key_stride_log=0,i_reserve_keys_for_misses=0,i_perform_updates=0,i_num_updates_log=0,i_num_probe_keys_log=27,i_miss_percentage=0,i_out_of_range_percentage=0,i_range_query_hit_count_log=0,i_exponent_bias=10,i_force_single_anyhit=1,i_perpendicular_rays=1,i_start_ray_at_zero=1,i_compaction=1,i_large_keys=0,i_debug=0,uncompacted_size=951329792,final_size=539190272,update_temp_buffer_size=0,convert_time_ms=2.4289278984069824219,build_time_ms=27.877376556396484375,compact_time_ms=1.3968000411987304688,update_time_ms=0,update_convert_time_ms=0,sort_time_ms=0,total_probe_time_ms=52.303890991210934658
i_primitive=triangle,i_key_mode=3d,i_build_mode=b_sfl,i_probe_mode=p_sfl,i_num_build_keys_log=24,i_key_offset=0,i_key_stride_log=0,i_reserve_keys_for_misses=0,i_perform_updates=0,i_num_updates_log=0,i_num_probe_keys_log=27,i_miss_percentage=0,i_out_of_range_percentage=0,i_range_query_hit_count_log=0,i_exponent_bias=20,i_force_single_anyhit=1,i_perpendicular_rays=1,i_start_ray_at_zero=1,i_compaction=1,i_large_keys=0,i_debug=0,uncompacted_size=951329792,final_size=543764608,update_temp_buffer_size=0,convert_time_ms=2.4397120475769042969,build_time_ms=27.7183685302734375,compact_time_ms=1.4141440391540527344,update_time_ms=0,update_convert_time_ms=0,sort_time_ms=0,total_probe_time_ms=52.407808303833007812
i_primitive=triangle,i_key_mode=ext,i_build_mode=b_sfl,i_probe_mode=p_sfl,i_num_build_keys_log=25,i_key_offset=0,i_key_stride_log=0,i_reserve_keys_for_misses=0,i_perform_updates=0,i_num_updates_log=0,i_num_probe_keys_log=27,i_miss_percentage=0,i_out_of_range_percentage=0,i_range_query_hit_count_log=0,i_exponent_bias=-20,i_force_single_anyhit=1,i_perpendicular_rays=1,i_start_ray_at_zero=1,i_compaction=1,i_large_keys=0,i_debug=0,uncompacted_size=1902656640,final_size=1201362816,update_temp_buffer_size=0,convert_time_ms=4.7485117912292480469,build_time_ms=54.762302398681640625,compact_time_ms=3.0996479988098144531,update_time_ms=0,update_convert_time_ms=0,sort_time_ms=0,total_probe_time_ms=109.79306869506835653
i_primitive=triangle,i_key_mode=ext,i_build_mode=b_sfl,i_probe_mode=p_sfl,i_num_build_keys_log=25,i_key_offset=0,i_key_stride_log=0,i_reserve_keys_for_misses=0,i_perform_updates=0,i_num_updates_log=0,i_num_probe_keys_log=27,i_miss_percentage=0,i_out_of_range_percentage=0,i_range_query_hit_count_log=0,i_exponent_bias=-10,i_force_single_anyhit=1,i_perpendicular_rays=1,i_start_ray_at_zero=1,i_compaction=1,i_large_keys=0,i_debug=0,uncompacted_size=1902656640,final_size=1201543808,update_temp_buffer_size=0,convert_time_ms=4.7625279426574707031,build_time_ms=54.717441558837890625,compact_time_ms=3.1068160533905029297,update_time_ms=0,update_convert_time_ms=0,sort_time_ms=0,total_probe_time_ms=109.72031631469727131
i_primitive=triangle,i_key_mode=ext,i_build_mode=b_sfl,i_probe_mode=p_sfl,i_num_build_keys_log=25,i_key_offset=0,i_key_stride_log=0,i_reserve_keys_for_misses=0,i_perform_updates=0,i_num_updates_log=0,i_num_probe_keys_log=27,i_miss_percentage=0,i_out_of_range_percentage=0,i_range_query_hit_count_log=0,i_exponent_bias=0,i_force_single_anyhit=1,i_perpendicular_rays=1,i_start_ray_at_zero=1,i_compaction=1,i_large_keys=0,i_debug=0,uncompacted_size=1902656640,final_size=1201392896,update_temp_buffer_size=0,convert_time_ms=5.027584075927734375,build_time_ms=54.7624969482421875,compact_time_ms=3.1150081157684326172,update_time_ms=0,update_convert_time_ms=0,sort_time_ms=0,total_probe_time_ms=109.71626510620117756
i_primitive=triangle,i_key_mode=ext,i_build_mode=b_sfl,i_probe_mode=p_sfl,i_num_build_keys_log=25,i_key_offset=0,i_key_stride_log=0,i_reserve_keys_for_misses=0,i_perform_updates=0,i_num_updates_log=0,i_num_probe_keys_log=27,i_miss_percentage=0,i_out_of_range_percentage=0,i_range_query_hit_count_log=0,i_exponent_bias=10,i_force_single_anyhit=1,i_perpendicular_rays=1,i_start_ray_at_zero=1,i_compaction=1,i_large_keys=0,i_debug=0,uncompacted_size=1902656640,final_size=1202592256,update_temp_buffer_size=0,convert_time_ms=4.7614078521728515625,build_time_ms=54.72153472900390625,compact_time_ms=3.1150081157684326172,update_time_ms=0,update_convert_time_ms=0,sort_time_ms=0,total_probe_time_ms=109.81369857788085653
i_primitive=triangle,i_key_mode=ext,i_build_mode=b_sfl,i_probe_mode=p_sfl,i_num_build_keys_log=25,i_key_offset=0,i_key_stride_log=0,i_reserve_keys_for_misses=0,i_perform_updates=0,i_num_updates_log=0,i_num_probe_keys_log=27,i_miss_percentage=0,i_out_of_range_percentage=0,i_range_query_hit_count_log=0,i_exponent_bias=20,i_force_single_anyhit=1,i_perpendicular_rays=1,i_start_ray_at_zero=1,i_compaction=1,i_large_keys=0,i_debug=0,uncompacted_size=1902656640,final_size=1201419392,update_temp_buffer_size=0,convert_time_ms=4.7650880813598632812,build_time_ms=54.844417572021484375,compact_time_ms=3.1128320693969726562,update_time_ms=0,update_convert_time_ms=0,sort_time_ms=0,total_probe_time_ms=109.70091323852538778
i_primitive=triangle,i_key_mode=3d,i_build_mode=b_sfl,i_probe_mode=p_sfl,i_num_build_keys_log=25,i_key_offset=0,i_key_stride_log=0,i_reserve_keys_for_misses=0,i_perform_updates=0,i_num_updates_log=0,i_num_probe_keys_log=27,i_miss_percentage=0,i_out_of_range_percentage=0,i_range_query_hit_count_log=0,i_exponent_bias=-20,i_force_single_anyhit=1,i_perpendicular_rays=1,i_start_ray_at_zero=1,i_compaction=1,i_large_keys=0,i_debug=0,uncompacted_size=1902656640,final_size=1070878592,update_temp_buffer_size=0,convert_time_ms=4.8476161956787109375,build_time_ms=54.9048309326171875,compact_time_ms=2.7627520561218261719,update_time_ms=0,update_convert_time_ms=0,sort_time_ms=0,total_probe_time_ms=60.460956192016602984
i_primitive=triangle,i_key_mode=3d,i_build_mode=b_sfl,i_probe_mode=p_sfl,i_num_build_keys_log=25,i_key_offset=0,i_key_stride_log=0,i_reserve_keys_for_misses=0,i_perform_updates=0,i_num_updates_log=0,i_num_probe_keys_log=27,i_miss_percentage=0,i_out_of_range_percentage=0,i_range_query_hit_count_log=0,i_exponent_bias=-10,i_force_single_anyhit=1,i_perpendicular_rays=1,i_start_ray_at_zero=1,i_compaction=1,i_large_keys=0,i_debug=0,uncompacted_size=1902656640,final_size=1072928512,update_temp_buffer_size=0,convert_time_ms=4.8397440910339355469,build_time_ms=55.3244781494140625,compact_time_ms=2.7699201107025146484,update_time_ms=0,update_convert_time_ms=0,sort_time_ms=0,total_probe_time_ms=60.544214248657226562
i_primitive=triangle,i_key_mode=3d,i_build_mode=b_sfl,i_probe_mode=p_sfl,i_num_build_keys_log=25,i_key_offset=0,i_key_stride_log=0,i_reserve_keys_for_misses=0,i_perform_updates=0,i_num_updates_log=0,i_num_probe_keys_log=27,i_miss_percentage=0,i_out_of_range_percentage=0,i_range_query_hit_count_log=0,i_exponent_bias=0,i_force_single_anyhit=1,i_perpendicular_rays=1,i_start_ray_at_zero=1,i_compaction=1,i_large_keys=0,i_debug=0,uncompacted_size=1902656640,final_size=1092720128,update_temp_buffer_size=0,convert_time_ms=4.8021440505981445312,build_time_ms=55.35027313232421875,compact_time_ms=2.8293120861053466797,update_time_ms=0,update_convert_time_ms=0,sort_time_ms=0,total_probe_time_ms=60.758536911010743609
i_primitive=triangle,i_key_mode=3d,i_build_mode=b_sfl,i_probe_mode=p_sfl,i_num_build_keys_log=25,i_key_offset=0,i_key_stride_log=0,i_reserve_keys_for_misses=0,i_perform_updates=0,i_num_updates_log=0,i_num_probe_keys_log=27,i_miss_percentage=0,i_out_of_range_percentage=0,i_range_query_hit_count_log=0,i_exponent_bias=10,i_force_single_anyhit=1,i_perpendicular_rays=1,i_start_ray_at_zero=1,i_compaction=1,i_large_keys=0,i_debug=0,uncompacted_size=1902656640,final_size=1070242816,update_temp_buffer_size=0,convert_time_ms=4.8454079627990722656,build_time_ms=54.789119720458984375,compact_time_ms=2.7566080093383789062,update_time_ms=0,update_convert_time_ms=0,sort_time_ms=0,total_probe_time_ms=60.494736480712887783
i_primitive=triangle,i_key_mode=3d,i_build_mode=b_sfl,i_probe_mode=p_sfl,i_num_build_keys_log=25,i_key_offset=0,i_key_stride_log=0,i_reserve_keys_for_misses=0,i_perform_updates=0,i_num_updates_log=0,i_num_probe_keys_log=27,i_miss_percentage=0,i_out_of_range_percentage=0,i_range_query_hit_count_log=0,i_exponent_bias=20,i_force_single_anyhit=1,i_perpendicular_rays=1,i_start_ray_at_zero=1,i_compaction=1,i_large_keys=0,i_debug=0,uncompacted_size=1902656640,final_size=1070930304,update_temp_buffer_size=0,convert_time_ms=4.8454079627990722656,build_time_ms=55.3521270751953125,compact_time_ms=2.7596800327301025391,update_time_ms=0,update_convert_time_ms=0,sort_time_ms=0,total_probe_time_ms=60.51041297912597372
i_primitive=triangle,i_key_mode=ext,i_build_mode=b_sfl,i_probe_mode=p_sfl,i_num_build_keys_log=26,i_key_offset=0,i_key_stride_log=0,i_reserve_keys_for_misses=0,i_perform_updates=0,i_num_updates_log=0,i_num_probe_keys_log=27,i_miss_percentage=0,i_out_of_range_percentage=0,i_range_query_hit_count_log=0,i_exponent_bias=-20,i_force_single_anyhit=1,i_perpendicular_rays=1,i_start_ray_at_zero=1,i_compaction=1,i_large_keys=0,i_debug=0,uncompacted_size=3805310464,final_size=2419363840,update_temp_buffer_size=0,convert_time_ms=9.4792318344116210938,build_time_ms=110.4691162109375,compact_time_ms=6.2883839607238769531,update_time_ms=0,update_convert_time_ms=0,sort_time_ms=0,total_probe_time_ms=4573.685791015625
i_primitive=triangle,i_key_mode=ext,i_build_mode=b_sfl,i_probe_mode=p_sfl,i_num_build_keys_log=26,i_key_offset=0,i_key_stride_log=0,i_reserve_keys_for_misses=0,i_perform_updates=0,i_num_updates_log=0,i_num_probe_keys_log=27,i_miss_percentage=0,i_out_of_range_percentage=0,i_range_query_hit_count_log=0,i_exponent_bias=-10,i_force_single_anyhit=1,i_perpendicular_rays=1,i_start_ray_at_zero=1,i_compaction=1,i_large_keys=0,i_debug=0,uncompacted_size=3805310464,final_size=2429020288,update_temp_buffer_size=0,convert_time_ms=9.4863996505737304688,build_time_ms=110.3613739013671875,compact_time_ms=6.3242239952087402344,update_time_ms=0,update_convert_time_ms=0,sort_time_ms=0,total_probe_time_ms=4629.2994140624996362
i_primitive=triangle,i_key_mode=ext,i_build_mode=b_sfl,i_probe_mode=p_sfl,i_num_build_keys_log=26,i_key_offset=0,i_key_stride_log=0,i_reserve_keys_for_misses=0,i_perform_updates=0,i_num_updates_log=0,i_num_probe_keys_log=27,i_miss_percentage=0,i_out_of_range_percentage=0,i_range_query_hit_count_log=0,i_exponent_bias=0,i_force_single_anyhit=1,i_perpendicular_rays=1,i_start_ray_at_zero=1,i_compaction=1,i_large_keys=0,i_debug=0,uncompacted_size=3805310464,final_size=2419128192,update_temp_buffer_size=0,convert_time_ms=10.089440345764160156,build_time_ms=110.60121917724609375,compact_time_ms=6.2895998954772949219,update_time_ms=0,update_convert_time_ms=0,sort_time_ms=0,total_probe_time_ms=4535.0449707031248181
i_primitive=triangle,i_key_mode=ext,i_build_mode=b_sfl,i_probe_mode=p_sfl,i_num_build_keys_log=26,i_key_offset=0,i_key_stride_log=0,i_reserve_keys_for_misses=0,i_perform_updates=0,i_num_updates_log=0,i_num_probe_keys_log=27,i_miss_percentage=0,i_out_of_range_percentage=0,i_range_query_hit_count_log=0,i_exponent_bias=10,i_force_single_anyhit=1,i_perpendicular_rays=1,i_start_ray_at_zero=1,i_compaction=1,i_large_keys=0,i_debug=0,uncompacted_size=3805310464,final_size=2466908672,update_temp_buffer_size=0,convert_time_ms=9.5503358840942382812,build_time_ms=110.62989044189453125,compact_time_ms=6.417407989501953125,update_time_ms=0,update_convert_time_ms=0,sort_time_ms=0,total_probe_time_ms=4958.9777343750001819
i_primitive=triangle,i_key_mode=ext,i_build_mode=b_sfl,i_probe_mode=p_sfl,i_num_build_keys_log=26,i_key_offset=0,i_key_stride_log=0,i_reserve_keys_for_misses=0,i_perform_updates=0,i_num_updates_log=0,i_num_probe_keys_log=27,i_miss_percentage=0,i_out_of_range_percentage=0,i_range_query_hit_count_log=0,i_exponent_bias=20,i_force_single_anyhit=1,i_perpendicular_rays=1,i_start_ray_at_zero=1,i_compaction=1,i_large_keys=0,i_debug=0,uncompacted_size=3805310464,final_size=2419494272,update_temp_buffer_size=0,convert_time_ms=9.5517444610595703125,build_time_ms=110.6234893798828125,compact_time_ms=6.2955517768859863281,update_time_ms=0,update_convert_time_ms=0,sort_time_ms=0,total_probe_time_ms=4498.041015625
i_primitive=triangle,i_key_mode=3d,i_build_mode=b_sfl,i_probe_mode=p_sfl,i_num_build_keys_log=26,i_key_offset=0,i_key_stride_log=0,i_reserve_keys_for_misses=0,i_perform_updates=0,i_num_updates_log=0,i_num_probe_keys_log=27,i_miss_percentage=0,i_out_of_range_percentage=0,i_range_query_hit_count_log=0,i_exponent_bias=-20,i_force_single_anyhit=1,i_perpendicular_rays=1,i_start_ray_at_zero=1,i_compaction=1,i_large_keys=0,i_debug=0,uncompacted_size=3805310464,final_size=2100412800,update_temp_buffer_size=0,convert_time_ms=9.6486082077026367188,build_time_ms=110.90509033203125,compact_time_ms=5.465087890625,update_time_ms=0,update_convert_time_ms=0,sort_time_ms=0,total_probe_time_ms=67.068244171142580967
i_primitive=triangle,i_key_mode=3d,i_build_mode=b_sfl,i_probe_mode=p_sfl,i_num_build_keys_log=26,i_key_offset=0,i_key_stride_log=0,i_reserve_keys_for_misses=0,i_perform_updates=0,i_num_updates_log=0,i_num_probe_keys_log=27,i_miss_percentage=0,i_out_of_range_percentage=0,i_range_query_hit_count_log=0,i_exponent_bias=-10,i_force_single_anyhit=1,i_perpendicular_rays=1,i_start_ray_at_zero=1,i_compaction=1,i_large_keys=0,i_debug=0,uncompacted_size=3805310464,final_size=2103669120,update_temp_buffer_size=0,convert_time_ms=9.6471996307373046875,build_time_ms=110.7915802001953125,compact_time_ms=5.4712319374084472656,update_time_ms=0,update_convert_time_ms=0,sort_time_ms=0,total_probe_time_ms=67.084461212158203125
i_primitive=triangle,i_key_mode=3d,i_build_mode=b_sfl,i_probe_mode=p_sfl,i_num_build_keys_log=26,i_key_offset=0,i_key_stride_log=0,i_reserve_keys_for_misses=0,i_perform_updates=0,i_num_updates_log=0,i_num_probe_keys_log=27,i_miss_percentage=0,i_out_of_range_percentage=0,i_range_query_hit_count_log=0,i_exponent_bias=0,i_force_single_anyhit=1,i_perpendicular_rays=1,i_start_ray_at_zero=1,i_compaction=1,i_large_keys=0,i_debug=0,uncompacted_size=3805310464,final_size=2127425792,update_temp_buffer_size=0,convert_time_ms=9.5479364395141601562,build_time_ms=110.8244476318359375,compact_time_ms=5.5530238151550292969,update_time_ms=0,update_convert_time_ms=0,sort_time_ms=0,total_probe_time_ms=67.199588012695315342
i_primitive=triangle,i_key_mode=3d,i_build_mode=b_sfl,i_probe_mode=p_sfl,i_num_build_keys_log=26,i_key_offset=0,i_key_stride_log=0,i_reserve_keys_for_misses=0,i_perform_updates=0,i_num_updates_log=0,i_num_probe_keys_log=27,i_miss_percentage=0,i_out_of_range_percentage=0,i_range_query_hit_count_log=0,i_exponent_bias=10,i_force_single_anyhit=1,i_perpendicular_rays=1,i_start_ray_at_zero=1,i_compaction=1,i_large_keys=0,i_debug=0,uncompacted_size=3805310464,final_size=2098660864,update_temp_buffer_size=0,convert_time_ms=9.66864013671875,build_time_ms=110.5244140625,compact_time_ms=5.4568958282470703125,update_time_ms=0,update_convert_time_ms=0,sort_time_ms=0,total_probe_time_ms=66.994889068603512783
i_primitive=triangle,i_key_mode=3d,i_build_mode=b_sfl,i_probe_mode=p_sfl,i_num_build_keys_log=26,i_key_offset=0,i_key_stride_log=0,i_reserve_keys_for_misses=0,i_perform_updates=0,i_num_updates_log=0,i_num_probe_keys_log=27,i_miss_percentage=0,i_out_of_range_percentage=0,i_range_query_hit_count_log=0,i_exponent_bias=20,i_force_single_anyhit=1,i_perpendicular_rays=1,i_start_ray_at_zero=1,i_compaction=1,i_large_keys=0,i_debug=0,uncompacted_size=3805310464,final_size=2099916160,update_temp_buffer_size=0,convert_time_ms=9.65827178955078125,build_time_ms=110.68895721435546875,compact_time_ms=5.4609918594360351562,update_time_ms=0,update_convert_time_ms=0,sort_time_ms=0,total_probe_time_ms=67.041413116455075283
